time,snr_lw1,snr_lw2,snr_lw3,snr_lw4
2025-05-31 23:22:00.154675,19.878944,1.532469,0.850079,-99
2025-05-31 23:22:01.161024,21.293491,0.276823,1.249989,-99
2025-05-31 23:22:02.153158,20.183857,-0.049028,0.085722,-99
2025-05-31 23:22:03.170640,19.2635,2.104527,-0.076614,-99
2025-05-31 23:22:04.163454,20.022896,-0.125311,1.18873,-99
2025-05-31 23:22:05.161835,19.804386,-0.664034,-0.266941,-99
2025-05-31 23:22:06.164926,19.894001,2.259689,0.724094,-99
2025-05-31 23:22:07.172167,18.525352,-0.229847,-0.786047,-99
2025-05-31 23:22:08.178027,20.43697,0.867058,-0.545729,-99
2025-05-31 23:22:09.163003,20.539268,-0.383448,0.07353,-99
2025-05-31 23:22:10.169054,20.534344,0.277975,-0.832695,-99
2025-05-31 23:22:11.158464,24.677692,1.003044,0.719995,-99
2025-05-31 23:22:12.165227,24.863094,0.719881,-1.503233,-99
2025-05-31 23:22:13.189026,26.447803,1.726162,0.058826,-99
2025-05-31 23:22:14.205673,28.430229,-0.624723,0.622824,-99
2025-05-31 23:22:15.207771,28.763687,-0.440311,-0.500509,-99
2025-05-31 23:22:16.220804,28.398273,0.94557,-1.042925,-99
2025-05-31 23:22:17.245289,26.31081,0.531145,1.027191,-99
2025-05-31 23:22:18.258000,28.055271,-0.670872,1.138567,-99
2025-05-31 23:22:19.263693,28.008125,0.835791,1.452572,-99
2025-05-31 23:22:20.286999,28.242535,0.899298,0.026997,-99
2025-05-31 23:22:21.277540,25.613976,-0.312025,-1.525278,-99
2025-05-31 23:22:22.303993,28.487331,0.953175,-0.059488,-99
2025-05-31 23:22:23.325012,27.002159,-0.307713,0.226603,-99
2025-05-31 23:22:24.341013,27.869194,-0.313065,1.466648,-99
2025-05-31 23:22:25.362566,26.332005,1.039125,-0.317574,-99
2025-05-31 23:22:26.355601,26.836201,1.197447,-2.446682,-99
2025-05-31 23:22:27.377415,28.619381,0.470596,0.288696,-99
2025-05-31 23:22:28.370596,27.84951,1.20475,1.502924,-99
2025-05-31 23:22:29.394969,27.850601,0.3486,0.078522,-99
2025-05-31 23:22:30.416308,28.08511,0.287167,0.555042,-99
2025-05-31 23:22:31.431692,27.430477,2.489624,-0.75742,-99
2025-05-31 23:22:32.473013,28.191235,2.124912,-0.475975,-99
2025-05-31 23:22:33.454184,27.921803,0.775848,1.641077,-99
2025-05-31 23:22:34.481515,28.186802,0.675468,0.367079,-99
2025-05-31 23:22:35.477270,26.206375,0.830044,0.158909,-99
2025-05-31 23:22:36.506424,28.183281,-1.708622,0.748344,-99
2025-05-31 23:22:37.532524,28.683548,0.206861,0.067261,-99
2025-05-31 23:22:38.534284,28.992474,-0.415001,1.353575,-99
2025-05-31 23:22:39.547463,29.005154,0.803675,-1.507641,-99
2025-05-31 23:22:40.557140,26.796703,-0.503317,-1.294704,-99
2025-05-31 23:22:41.593807,22.467106,1.625078,-1.149176,-99
2025-05-31 23:22:42.607759,22.330696,-0.51363,-0.93298,-99
2025-05-31 23:22:43.632164,21.671055,-7.521528,-0.341991,-99
2025-05-31 23:22:44.636713,19.213276,-1.404909,-2.749632,-99
2025-05-31 23:22:45.655895,18.160164,0.47678,-0.961769,-99
2025-05-31 23:22:46.682018,15.562981,0.662216,-1.938267,-99
2025-05-31 23:22:47.733587,14.83482,0.113108,-0.948606,-99
2025-05-31 23:22:48.734390,13.592125,0.890921,-3.421099,-99
2025-05-31 23:22:49.743026,13.495689,2.51556,-1.506098,-99
2025-05-31 23:22:50.774677,11.666599,1.582836,-1.652706,-99
2025-05-31 23:22:51.806027,12.51458,0.891666,-0.946447,-99
2025-05-31 23:22:52.817083,12.04892,3.139118,-7.870232,-99
2025-05-31 23:22:53.826379,9.440022,2.798866,-3.2386,-99
2025-05-31 23:22:54.846983,10.107475,0.393578,-1.726355,-99
2025-05-31 23:22:55.854423,9.451317,2.739288,-2.323601,-99
2025-05-31 23:22:56.876580,8.994999,2.520187,-2.630857,-99
2025-05-31 23:22:57.883104,8.549603,2.17979,-3.590223,-99
2025-05-31 23:22:58.894913,8.568214,2.806084,-2.615904,-99
2025-05-31 23:22:59.906330,7.67522,2.873825,-3.026728,-99
2025-05-31 23:23:00.932996,8.06546,2.040833,-3.694309,-99
2025-05-31 23:23:01.943739,6.959999,1.404408,-2.958462,-99
2025-05-31 23:23:02.950152,7.753841,2.26194,-2.766661,-99
2025-05-31 23:23:03.966646,6.979427,2.207634,-1.703808,-99
2025-05-31 23:23:04.985776,4.980392,2.639015,-2.561335,-99
2025-05-31 23:23:06.009104,6.425377,2.684006,-4.46888,-99
2025-05-31 23:23:07.025914,6.409943,3.098705,-3.106104,-99
2025-05-31 23:23:08.054590,3.227169,2.86993,-3.40284,-99
2025-05-31 23:23:09.076756,4.632042,2.616104,-2.195709,-99
2025-05-31 23:23:10.098280,5.334339,3.5858,-5.126499,-99
2025-05-31 23:23:11.099289,3.112942,2.402531,-4.697273,-99
2025-05-31 23:23:12.112511,3.489361,-16.534647,-3.847063,-99
2025-05-31 23:23:13.135316,3.302055,1.904547,-3.22506,-99
2025-05-31 23:23:14.150262,2.446075,2.843475,-3.515301,-99
2025-05-31 23:23:15.159903,2.976078,2.896267,-3.889959,-99
2025-05-31 23:23:16.168986,3.498192,2.843422,-4.918303,-99
2025-05-31 23:23:17.190189,2.187763,3.789856,-2.25062,-99
2025-05-31 23:23:18.200744,2.153069,2.399876,-5.107403,-99
2025-05-31 23:23:19.234689,3.469265,2.908428,-5.079306,-99
2025-05-31 23:23:20.238705,2.876659,3.698727,-6.33606,-99
2025-05-31 23:23:21.271221,3.033195,3.572914,-4.604017,-99
2025-05-31 23:23:22.257868,-0.820713,3.714542,-6.629709,-99
2025-05-31 23:23:23.274627,3.529324,3.98653,-5.209839,-99
2025-05-31 23:23:24.292637,3.268524,3.814907,-4.14159,-99
2025-05-31 23:23:25.305561,4.107605,0.018005,-23.188797,-99
2025-05-31 23:23:26.326432,2.626442,3.67992,-4.850975,-99
2025-05-31 23:23:27.325460,2.992256,6.198689,-4.015442,-99
2025-05-31 23:23:28.346777,3.109966,3.320145,-3.857798,-99
2025-05-31 23:23:29.356619,2.463116,1.616449,-3.372086,-99
2025-05-31 23:23:30.374520,2.556221,2.941219,-4.670546,-99
2025-05-31 23:23:31.393067,4.176319,3.588791,-3.975727,-99
2025-05-31 23:23:32.389931,2.169842,1.915823,-4.150768,-99
2025-05-31 23:23:33.395446,2.751179,5.56459,-5.186174,-99
2025-05-31 23:23:34.405427,2.598713,3.046215,-4.225788,-99
2025-05-31 23:23:35.408443,2.628487,2.292171,-3.536812,-99
2025-05-31 23:23:36.439839,3.097263,1.969376,-3.270546,-99
2025-05-31 23:23:37.443638,0.885,2.795776,-4.642435,-99
2025-05-31 23:23:38.484418,4.766479,4.568256,-3.535427,-99
2025-05-31 23:23:39.516054,3.851593,1.915806,-3.645533,-99
2025-05-31 23:23:40.505596,3.007202,3.89048,-5.088503,-99
2025-05-31 23:23:41.541803,2.913105,2.558979,-4.021267,-99
2025-05-31 23:23:42.562338,3.663509,3.169224,-4.246695,-99
2025-05-31 23:23:43.573478,3.454704,4.927471,-5.455383,-99
2025-05-31 23:23:44.581060,3.620171,2.133148,-4.466818,-99
2025-05-31 23:23:45.581851,2.708092,2.400635,-2.952209,-99
2025-05-31 23:23:46.599005,4.605465,2.138988,-3.407749,-99
2025-05-31 23:23:47.623267,2.979305,4.337498,-3.36426,-99
2025-05-31 23:23:48.638662,3.492588,5.302292,-4.59313,-99
2025-05-31 23:23:49.647092,4.316231,4.2309,-2.748241,-99
2025-05-31 23:23:50.653632,2.671597,6.041348,-3.784883,-99
2025-05-31 23:23:51.659850,3.735489,3.268417,-1.599981,-99
2025-05-31 23:23:52.670488,3.019211,3.135422,-2.907608,-99
2025-05-31 23:23:53.704149,2.944252,4.116592,-4.868956,-99
2025-05-31 23:23:54.698319,2.043499,3.282669,-4.002748,-99
2025-05-31 23:23:55.702399,2.630669,4.674988,-3.917028,-99
2025-05-31 23:23:56.731836,4.194771,4.952549,-3.592251,-99
2025-05-31 23:23:57.736138,2.56583,4.884907,-3.303205,-99
2025-05-31 23:23:58.772849,3.189236,4.819069,-3.731201,-99
2025-05-31 23:23:59.777669,2.358303,7.78257,-4.842176,-99
2025-05-31 23:24:00.808345,2.531075,5.784195,-4.481375,-99
2025-05-31 23:24:01.821229,3.236385,7.153381,-5.973515,-99
2025-05-31 23:24:02.822772,2.92775,7.606499,-4.96674,-99
2025-05-31 23:24:03.855491,4.082047,8.664536,-4.080719,-99
2025-05-31 23:24:04.851404,3.879429,7.16267,-4.765142,-99
2025-05-31 23:24:05.877876,2.775703,8.598927,-3.197023,-99
2025-05-31 23:24:06.889109,1.835629,9.102093,-4.239408,-99
2025-05-31 23:24:07.894288,4.023663,9.787338,-4.838461,-99
2025-05-31 23:24:08.910872,3.395794,7.734066,-3.592451,-99
2025-05-31 23:24:09.929765,2.866348,9.670494,-3.790915,-99
2025-05-31 23:24:10.946156,4.983353,9.340599,-4.79715,-99
2025-05-31 23:24:11.946682,2.646179,9.431572,-8.010159,-99
2025-05-31 23:24:12.968160,3.6161,11.786705,-5.838314,-99
2025-05-31 23:24:13.977778,2.579361,12.954048,-3.998352,-99
2025-05-31 23:24:14.998060,2.018524,11.778225,-5.072691,-99
2025-05-31 23:24:16.023483,3.142239,12.137913,-4.152861,-99
2025-05-31 23:24:17.036164,1.5877,12.555798,-5.777393,-99
2025-05-31 23:24:18.059289,3.334011,13.125343,-4.184044,-99
2025-05-31 23:24:19.055806,3.771545,13.581394,-4.06798,-99
2025-05-31 23:24:20.072324,-5.379467,12.640808,-4.348005,-99
2025-05-31 23:24:21.089232,1.741207,14.714363,-3.952827,-99
2025-05-31 23:24:22.089999,0.726404,13.280731,-5.101189,-99
2025-05-31 23:24:23.110411,1.570171,14.69408,-4.806129,-99
2025-05-31 23:24:24.133513,1.101427,13.34063,-4.32242,-99
2025-05-31 23:24:25.136540,2.161751,13.476498,-3.05624,-99
2025-05-31 23:24:26.137563,2.611027,12.945541,-5.777561,-99
2025-05-31 23:24:27.162746,1.430635,14.313419,-30.305576,-99
2025-05-31 23:24:28.169541,1.182623,13.726166,-27.149288,-99
2025-05-31 23:24:29.220244,0.890087,14.435322,-5.091732,-99
2025-05-31 23:24:30.221239,1.422756,12.100555,-3.773523,-99
2025-05-31 23:24:31.257693,1.941828,12.015141,-5.444359,-99
2025-05-31 23:24:32.266416,0.017118,13.302856,-4.977716,-99
2025-05-31 23:24:33.272418,1.07641,15.24823,-4.207726,-99
2025-05-31 23:24:34.279057,1.305349,13.229,-4.997198,-99
2025-05-31 23:24:35.295230,2.225285,14.614483,-5.036184,-99
2025-05-31 23:24:36.300432,0.094097,12.839054,-4.005564,-99
2025-05-31 23:24:37.350797,1.272402,14.362457,-22.22784,-99
2025-05-31 23:24:38.365552,1.994692,14.307758,-3.996944,-99
2025-05-31 23:24:39.355748,0.748781,13.245789,-6.241642,-99
2025-05-31 23:24:40.367618,0.848764,12.499565,-5.358265,-99
2025-05-31 23:24:41.380041,1.49831,14.798882,-5.615025,-99
2025-05-31 23:24:42.400542,1.359749,11.314415,-4.196877,-99
2025-05-31 23:24:43.426763,-0.460855,12.315544,-4.463793,-99
2025-05-31 23:24:44.432886,1.522934,12.646069,-5.10858,-99
2025-05-31 23:24:45.454106,1.752647,14.701336,-5.852051,-99
2025-05-31 23:24:46.455303,1.359344,14.774616,-5.738503,-99
2025-05-31 23:24:47.498467,0.683346,13.350834,-3.748529,-99
2025-05-31 23:24:48.489885,3.258663,14.116764,-2.916933,-99
2025-05-31 23:24:49.490965,3.322094,13.540646,-5.85807,-99
2025-05-31 23:24:50.533715,1.190207,12.633381,-6.420958,-99
2025-05-31 23:24:51.523950,1.05451,10.982666,-5.950441,-99
2025-05-31 23:24:52.544624,1.658363,13.632401,-5.082989,-99
2025-05-31 23:24:53.555156,0.188557,12.883339,-4.231464,-99
2025-05-31 23:24:54.578286,0.367962,12.395092,-5.644445,-99
2025-05-31 23:24:55.584981,3.250797,11.480862,-4.562357,-99
2025-05-31 23:24:56.584446,1.379217,10.25835,-4.721514,-99
2025-05-31 23:24:57.620736,2.019836,9.406178,-4.783548,-99
2025-05-31 23:24:58.608667,2.486206,9.549412,-2.371122,-99
2025-05-31 23:24:59.629960,2.751686,8.010685,-4.94677,-99
2025-05-31 23:25:00.646283,2.478931,9.263367,-5.391375,-99
2025-05-31 23:25:01.647538,2.88451,9.290039,-2.906538,-99
2025-05-31 23:25:02.666790,3.167427,6.54211,-3.870113,-99
2025-05-31 23:25:03.683510,4.008213,5.465427,-3.891907,-99
2025-05-31 23:25:04.707096,2.921482,7.851875,-2.623962,-99
2025-05-31 23:25:05.742581,4.107937,4.858376,-2.555288,-99
2025-05-31 23:25:06.739599,5.901764,5.254848,-4.092546,-99
2025-05-31 23:25:07.751660,5.410126,6.32156,-3.381611,-99
2025-05-31 23:25:08.771807,3.91436,5.377224,-2.659176,-99
2025-05-31 23:25:09.787840,6.145027,5.328022,-3.515011,-99
2025-05-31 23:25:10.795705,4.837627,3.661369,-4.209864,-99
2025-05-31 23:25:11.801842,5.832832,4.486172,-3.466455,-99
2025-05-31 23:25:12.838421,5.557404,2.990318,-1.181406,-99
2025-05-31 23:25:13.834699,5.370354,3.275555,-2.795717,-99
2025-05-31 23:25:14.863954,6.01384,3.280895,-1.784002,-99
2025-05-31 23:25:15.872922,5.622623,3.582188,-1.335869,-99
2025-05-31 23:25:16.895924,6.21619,1.513937,-1.397503,-99
2025-05-31 23:25:17.927451,4.201096,1.249454,-1.705877,-99
2025-05-31 23:25:18.927179,6.428745,2.687778,-2.241882,-99
2025-05-31 23:25:19.940816,5.17564,2.537315,0.996136,-99
2025-05-31 23:25:20.960626,-1.065783,-1.833185,-0.755308,-99
2025-05-31 23:25:21.960349,6.104641,1.521542,-1.37361,-99
2025-05-31 23:25:22.978832,7.377621,2.098431,-1.235685,-99
2025-05-31 23:25:23.999991,-26.544315,1.621855,-0.593029,-99
2025-05-31 23:25:25.016174,6.07151,1.952894,0.588993,-99
2025-05-31 23:25:26.019866,7.243698,0.361048,-0.709221,-99
2025-05-31 23:25:27.048412,7.871517,1.026197,-1.215965,-99
2025-05-31 23:25:28.050397,6.190239,1.159302,-0.664837,-99
2025-05-31 23:25:29.061824,7.251663,-0.245651,1.012037,-99
2025-05-31 23:25:30.071573,6.528671,-0.134838,1.596104,-99
2025-05-31 23:25:31.091220,6.676052,-1.272928,-0.186008,-99
2025-05-31 23:25:32.092804,8.079361,-2.458242,1.561005,-99
2025-05-31 23:25:33.114534,6.696301,0.117411,-0.209538,-99
2025-05-31 23:25:34.146499,6.772575,0.212616,0.614016,-99
2025-05-31 23:25:35.145790,6.517612,-0.204414,1.790783,-99
2025-05-31 23:25:36.168344,5.763454,-0.950592,1.390999,-99
2025-05-31 23:25:37.186995,6.127525,-2.36455,1.134729,-99
2025-05-31 23:25:38.175606,7.603458,-0.782955,2.851147,-99
2025-05-31 23:25:39.202322,4.331249,-1.305489,1.824347,-99
2025-05-31 23:25:40.211644,-1.359989,-0.813643,3.44735,-99
2025-05-31 23:25:41.234096,7.963486,-2.10047,3.625523,-99
2025-05-31 23:25:42.255600,4.945747,-1.88829,3.218422,-99
2025-05-31 23:25:43.276169,4.558556,-2.258923,4.337303,-99
2025-05-31 23:25:44.272926,4.100361,-2.947033,2.703732,-99
2025-05-31 23:25:45.288334,5.73534,-2.601713,4.27047,-99
2025-05-31 23:25:46.313322,4.822681,-1.670475,3.354107,-99
2025-05-31 23:25:47.315267,3.044506,-2.014757,3.841034,-99
2025-05-31 23:25:48.331467,5.063366,-4.29875,1.345192,-99
2025-05-31 23:25:49.344514,3.80735,-3.407167,3.012718,-99
2025-05-31 23:25:50.360395,3.603298,-4.292593,-1.068657,-99
2025-05-31 23:25:51.362604,3.599136,-3.245661,4.542984,-99
2025-05-31 23:25:52.367682,3.73531,-2.702663,5.744827,-99
2025-05-31 23:25:53.400301,3.764874,-4.191841,5.565876,-99
2025-05-31 23:25:54.418203,3.458878,-7.371798,5.208286,-99
2025-05-31 23:25:55.434990,2.522747,-2.97294,6.541004,-99
2025-05-31 23:25:56.453447,1.451817,-3.942516,2.423565,-99
2025-05-31 23:25:57.459675,1.756012,-4.853827,4.797462,-99
2025-05-31 23:25:58.475919,2.085262,-3.264242,7.038803,-99
2025-05-31 23:25:59.492517,3.656986,-4.551609,6.398438,-99
2025-05-31 23:26:00.520123,2.526253,-4.209784,5.784302,-99
2025-05-31 23:26:01.514669,1.717793,-4.354391,6.985382,-99
2025-05-31 23:26:02.532038,0.821514,-3.756046,6.912144,-99
2025-05-31 23:26:03.543158,3.212498,-4.928015,7.9324,-99
2025-05-31 23:26:04.574935,-0.905512,-14.873867,8.355675,-99
2025-05-31 23:26:05.561325,1.609341,-4.275055,9.670387,-99
2025-05-31 23:26:06.585173,0.028969,-5.479492,7.414993,-99
2025-05-31 23:26:07.601504,1.688782,-4.533478,9.150177,-99
2025-05-31 23:26:08.628594,-0.775555,-4.056007,8.946598,-99
2025-05-31 23:26:09.633977,1.21693,-4.230385,8.787296,-99
2025-05-31 23:26:10.655777,1.148972,-5.557508,9.479984,-99
2025-05-31 23:26:11.676760,1.427404,-6.654846,9.683884,-99
2025-05-31 23:26:12.679237,1.115442,-5.143288,8.398781,-99
2025-05-31 23:26:13.709766,-0.290821,-5.223333,10.197742,-99
2025-05-31 23:26:14.716895,0.210733,-5.229679,10.602917,-99
2025-05-31 23:26:15.731006,0.232038,-4.136322,10.071651,-99
2025-05-31 23:26:16.739041,0.014124,-7.493465,8.069748,-99
2025-05-31 23:26:17.741270,0.99848,-3.969393,8.69088,-99
2025-05-31 23:26:18.779370,1.558914,-3.331522,9.868969,-99
2025-05-31 23:26:19.769631,0.435688,-6.649626,8.008526,-99
2025-05-31 23:26:20.781323,0.838062,-5.776535,7.921383,-99
2025-05-31 23:26:21.802176,-0.436504,-7.226061,8.806053,-99
2025-05-31 23:26:22.828330,1.749067,-5.163622,8.177612,-99
2025-05-31 23:26:23.830789,0.652365,-5.030699,8.305988,-99
2025-05-31 23:26:24.843046,-0.563444,-5.070505,9.822765,-99
2025-05-31 23:26:25.849252,-0.279909,-4.316837,8.504311,-99
2025-05-31 23:26:26.860798,-0.26779,-3.702982,8.73502,-99
2025-05-31 23:26:27.872172,-0.34321,-5.006701,9.401592,-99
2025-05-31 23:26:28.894520,0.443438,-2.525667,7.63055,-99
2025-05-31 23:26:29.895703,-0.048647,-5.729927,8.203953,-99
2025-05-31 23:26:30.905230,0.123629,-3.773998,8.937645,-99
2025-05-31 23:26:31.921234,-0.344402,-4.267313,8.07737,-99
2025-05-31 23:26:34.763042,1.238932,-4.267313,8.07737,-99
2025-05-31 23:26:35.801756,1.238932,-4.772449,8.804279,-99
2025-05-31 23:26:36.813388,0.202074,-5.132187,7.473324,-99
2025-05-31 23:26:37.824552,0.382278,-4.710907,7.580986,-99
2025-05-31 23:26:38.836088,0.16304,-3.780842,9.744244,-99
2025-05-31 23:26:39.844109,1.212009,-5.53381,7.204075,-99
2025-05-31 23:26:40.866406,-0.604599,-5.417419,8.631771,-99
2025-05-31 23:26:45.585879,2.113724,-5.417419,8.631771,-99
2025-05-31 23:27:05.338959,2.113724,-5.378553,8.631771,-99
2025-05-31 23:27:06.380513,2.113724,-5.378553,3.629391,-99
2025-05-31 23:27:21.111065,6.665192,-1.226513,2.040176,-99
2025-05-31 23:27:47.880719,17.574306,0.230867,2.040176,-99
2025-05-31 23:27:48.100478,17.574306,0.230867,0.3342,-99
2025-05-31 23:27:49.109005,20.694965,1.913519,-0.633749,-99
2025-05-31 23:27:50.117613,18.633862,-0.539761,1.329422,-99
2025-05-31 23:27:51.113559,20.543106,0.30722,0.825098,-99
2025-05-31 23:27:52.119588,20.507172,-0.333555,0.998821,-99
2025-05-31 23:27:53.131180,19.898571,1.035597,1.487597,-99
2025-05-31 23:27:54.115654,20.178169,1.40328,0.223667,-99
2025-05-31 23:27:55.117154,18.854561,0.549889,-0.435844,-99
2025-05-31 23:27:56.123422,20.964581,0.671795,-0.743097,-99
2025-05-31 23:27:57.126315,18.651176,0.729385,-0.646873,-99
2025-05-31 23:27:58.115252,19.899944,1.680573,0.935204,-99
2025-05-31 23:27:59.127954,22.677982,1.376345,0.320837,-99
2025-05-31 23:28:00.119176,21.940903,1.416811,-0.085592,-99
2025-05-31 23:28:01.120127,20.174507,1.436522,-1.410398,-99
2025-05-31 23:28:02.120085,17.751938,0.292543,0.075514,-99
2025-05-31 23:28:03.125709,20.036297,0.458961,0.19087,-99
2025-05-31 23:28:04.123920,19.519367,0.641743,0.402626,-99
2025-05-31 23:28:05.127278,20.73497,-0.088963,0.125414,-99
2025-05-31 23:28:06.144455,19.130619,-0.746685,0.644802,-99
2025-05-31 23:28:07.155675,20.822784,1.662769,-0.602474,-99
2025-05-31 23:28:08.170929,21.592506,-0.589619,-1.489424,-99
2025-05-31 23:28:09.181142,20.768669,-0.53421,-2.06424,-99
2025-05-31 23:28:10.194567,17.603539,-0.30456,-0.392908,-99
2025-05-31 23:28:11.212504,21.455025,-1.387104,1.167948,-99
2025-05-31 23:28:12.214216,18.794819,1.42024,0.406496,-99
2025-05-31 23:28:13.246090,19.825817,-0.863758,-0.113554,-99
2025-05-31 23:28:14.250519,21.469906,0.45154,-0.18458,-99
2025-05-31 23:28:15.266514,21.151478,-0.518591,0.354641,-99
2025-05-31 23:28:16.279843,19.722664,1.594683,1.239332,-99
