time,snr_lw1,snr_lw2,snr_lw3,snr_lw4,num,Longitude,Latitude,Altitude,Pitch,Yaw,Roll,VelocityX,VelocityY,VelocityZ,BatteryVolts,GPSFix,NumberOfSatellites
2025-05-31 23:22:00.154,19.878944,1.532469,0.850079,-99,48.390235405216,-78.696275,35.7271225,24.5770435971818,0.00417232909183629,0.00412642777323423,0.00453663960298391,-0.01,0.02,-0.669761110922563,12.587,6,10
2025-05-31 23:22:01.161,21.293491,0.276823,1.249989,-99,49.3947891150759,-78.696275,35.7271225,24.9636071972578,0.00399113399387031,0.00423744832440919,0.00412827094104626,-0.0139478911507588,0.02,-0.167875918572683,12.587,6,10
2025-05-31 23:22:02.153,20.183857,-0.049028,0.085722,-99,50.3852509106595,-78.696275,35.7271225,24.9732867199482,0.00381492834593634,0.00439330885457955,0.0039119958505064,-0.02,0.02,0.0191799271472396,12.587,6,10
2025-05-31 23:22:03.170,19.2635,2.104527,-0.076614,-99,51.4010943983454,-78.696275,35.7271225,24.9538021887967,0.00370279910190595,0.00422062114532148,0.00386472768326341,-0.02,0.02,-0.0340109439834544,12.587,6,10
2025-05-31 23:22:04.163,20.022896,-0.125311,1.18873,-99,52.3925904012425,-78.696275,35.727122539259,24.9577481328087,0.00369557017512853,0.0172646209486818,0.00402747685354213,-0.02,0.02,-0.0360740959875751,12.587,6,10
2025-05-31 23:22:05.161,19.804386,-0.664034,-0.266941,-99,53.3897621178605,-78.6962749610238,35.7271227169286,24.9627795242357,-0.0766985023341524,0.182182748492945,-0.0114525457473854,0.112519120072554,0.0511809694288362,-0.0222047576427909,12.587,6,10
2025-05-31 23:22:06.164,19.894001,2.259689,0.724094,-99,54.3912184963381,-78.6962734524916,35.7271284161808,24.964,-0.253339538026028,0.333459935961949,-0.0191690957872753,1.28630968595519,0.307345803059211,-0.0178243699267627,12.587,6,10
2025-05-31 23:22:07.172,18.525352,-0.229847,-0.786047,-99,55.3975511068362,-78.6962673437543,35.7271509142887,24.9675779599615,-0.377569351685167,0.224878351728099,-0.000758446390668418,3.71231856785991,0.836726575554808,-0.0260244889316383,12.587,6,10
2025-05-31 23:22:08.178,20.43697,0.867058,-0.545729,-99,56.4025543008861,-78.6962552604083,35.7271947845734,24.9725974456991,-0.492976136971787,0.26823037718335,-0.0259847762546594,6.07613032212662,1.3351749784076,-0.0159744569911391,12.587,6,10
2025-05-31 23:22:09.163,20.539268,-0.383448,0.07353,-99,57.3871995809303,-78.696238565768,35.7272565945297,24.9789695924567,-0.485473716221141,0.27938570442128,-0.0282146605690363,7.68811180722795,1.65259195390234,-0.0138719958093033,12.587,6,10
2025-05-31 23:22:10.169,20.534344,0.277975,-0.832695,-99,58.3926171278797,-78.6962195365831,35.7273282261521,24.9896073828721,-0.322427813660759,0.246194855358628,-0.00156317405001658,7.66768481153259,1.65325508826044,-0.012147657442405,12.587,6,10
2025-05-31 23:22:11.158,24.677692,1.003044,0.719995,-99,59.3812120067057,-78.6962022006079,35.7273935252052,24.9893812120067,-0.215974838566906,0.27107647939463,-0.000924593093655674,6.74254559195313,1.45469699832357,0,12.587,6,10
2025-05-31 23:22:12.165,24.863094,0.719881,-1.503233,-99,60.3876384051567,-78.6961872994646,35.7274495066435,24.9907752768103,-0.0983979330197838,0.260929045708107,0.00702287017682901,5.42629516036802,1.19146124655611,0,12.587,6,10
2025-05-31 23:22:13.189,26.447803,1.726162,0.058826,-99,61.4109788503877,-78.6961756189946,35.7274927499873,24.9924109788504,0.0186956045873528,0.260105723080424,0.00719979472493194,3.83777510835641,0.867937825356549,0,12.587,6,10
2025-05-31 23:22:14.205,28.430229,-0.624723,0.622824,-99,62.4262610904425,-78.6961681113206,35.7275201021952,24.9955575665427,0.111327393109556,0.266079859719366,0.0080687743445263,2.0714169826813,0.470970342014133,0,12.587,6,10
2025-05-31 23:22:15.207,28.763687,-0.440311,-0.500509,-99,63.4262384425504,-78.6961649590092,35.727531563963,24.999,0.112555178489558,0.26194927370026,0.0070708917676595,0.541137713194574,0.127702773787907,0,12.587,6,10
2025-05-31 23:22:16.220,28.398273,0.94557,-1.042925,-99,64.4373912670267,-78.6961647624348,35.7275323940001,24.9981252174659,0.0326075388833026,0.26296240810957,0.00385826638600029,-0.164356515394545,-0.0274956506810693,0,12.587,6,10
2025-05-31 23:22:17.245,26.31081,0.531145,1.027191,-99,65.459946401569,-78.6961654219625,35.7275300881179,24.997,-0.00447178142554078,0.262906979894323,0.00306178215472359,-0.209405895827408,-0.0362016079529295,0,12.587,6,10
2025-05-31 23:22:18.258,28.055271,-0.670872,1.138567,-99,66.4712536982655,-78.6961660356268,35.7275283816209,24.9979425073965,-0.00762434176366117,0.426207293320986,0.00338154948758837,-0.107587167156106,-0.0105749260346902,0,12.587,6,10
2025-05-31 23:22:19.263,28.008125,0.835791,1.452572,-99,67.4759574183315,-78.6961663951915,35.7275275620213,24.9999519148367,-0.00451259086342364,1.30442484439243,0.00192583677289238,-0.0504808516333696,0.00951914836663043,0,12.587,6,10
2025-05-31 23:22:20.286,28.242535,0.899298,0.026997,-99,68.4983753756725,-78.6961665498375,35.7275272003249,25.0019967507513,-0.00353786849527543,2.12566724080105,0.000925185128633915,-0.04,0.0249837537567252,0,12.587,6,10
2025-05-31 23:22:21.277,25.613976,-0.312025,-1.525278,-99,69.4877149521563,-78.6961666487715,35.7275270512285,25.0025122850478,-0.00311722848502209,1.88366832808841,0.00257404780021308,-0.04,0.03,0,12.587,6,10
2025-05-31 23:22:22.303,28.487331,0.953175,-0.059488,-99,70.5128694565896,-78.696166648713,35.7275268974261,25.0009742610868,-0.00213390678877384,2.15576122578851,0.00217961307314944,-0.034871305434104,0.024871305434104,0,12.587,6,10
2025-05-31 23:22:23.325,27.002159,-0.307713,0.226603,-99,71.5330227270684,-78.6961664933955,35.7275267466977,24.9994669772729,-0.00225472204321741,0.0204896395828582,0.000974632940715553,-0.03,0.0146697727293162,0,12.587,6,10
2025-05-31 23:22:24.341,27.869194,-0.313065,1.466648,-99,72.5478729088906,-78.6961663452127,35.7275267,24.999,-0.00200012381324495,-2.73923387951822,0.00158267660595545,-0.0245212709110939,0.00452127091109394,0,12.587,6,10
2025-05-31 23:22:25.362,26.332005,1.039125,-0.317574,-99,73.5683557026194,-78.6961663,35.7275266431644,25.0001367114052,-0.00131051251371467,0.440478430299876,0.00153582000650311,-0.0143164429738063,0,0,12.587,6,10
2025-05-31 23:22:26.355,26.836201,1.197447,-2.446682,-99,74.5604714429724,-78.6961663,35.7275265439529,25.001,-0.000469189950629209,-0.0978054468854701,0.00153657885625142,-0.01,0,0,12.587,6,10
2025-05-31 23:22:27.377,28.619381,0.470596,0.288696,-99,75.5814541199466,-78.6961663,35.7275263837092,25.001,-0.00102293282019352,-1.9025445967606,0.00176456525632919,-0.0041854588005344,0,0,12.587,6,10
2025-05-31 23:22:28.370,27.84951,1.20475,1.502924,-99,76.5741026553485,-78.6961663,35.7275263,25.001,-0.00214037342754948,-1.013116849333,0.000809010436433051,0,-0.00574102655348465,0,12.587,6,10
2025-05-31 23:22:29.394,27.850601,0.3486,0.078522,-99,77.5979805026456,-78.6961663,35.7275263,25.001,-0.00140636058477307,-0.163822077052673,-0.000357248270077899,0,-0.01,0,12.587,6,10
2025-05-31 23:22:30.416,28.08511,0.287167,0.555042,-99,78.6179111389686,-78.6961663,35.7275263,25.001,-0.000525357800902318,0.406775383779406,-0.000235812218334229,0,-0.01,0,12.587,6,10
2025-05-31 23:22:31.431,27.430477,2.489624,-0.75742,-99,79.6315186257861,-78.6961663,35.7275263,25.001,-0.000488791758789709,0.178992328386166,-7.3218070521419e-05,0,-0.01,0,12.587,6,10
2025-05-31 23:22:32.473,28.191235,2.124912,-0.475975,-99,80.6715691612379,-78.6961663,35.7275263,25.001,-0.00050907772484067,0.109720983823801,9.66442421158448e-05,0,-0.01,0,12.587,6,10
2025-05-31 23:22:33.454,27.921803,0.775848,1.641077,-99,81.6512223095067,-78.6961663651222,35.7275264302445,25.001,0.000138029293309465,0.221846957057314,0.00148567767464699,0,-0.00348777690493327,0,12.587,6,10
2025-05-31 23:22:34.481,28.186802,0.675468,0.367079,-99,82.6772469117919,-78.6961664677247,35.7275265677247,25.001,0.00166005428723359,0.147759762523699,0.00224456201069003,-0.00677246911791889,0,0,12.587,6,10
2025-05-31 23:22:35.477,26.206375,0.830044,0.158909,-99,83.6717422174112,-78.6961665671742,35.7275266671742,25.001,0.00248826322731386,-0.0423809416630275,0.00187342874294713,-0.016717422174112,0.00671742217411197,0,12.587,6,10
2025-05-31 23:22:36.506,28.183281,-1.708622,0.748344,-99,84.700268635796,-78.6961666,35.7275267,25.001,-0.0621137923492405,-0.736896522956412,0.0333242841202862,0.0290188045057232,-0.0180107454318418,0,12.587,6,10
2025-05-31 23:22:37.532,28.683548,0.206861,0.067261,-99,85.7252012209551,-78.6961715313683,35.7275334443714,25.001,-0.256758040674322,-0.74478957924179,0.0414103987967842,1.5439145151676,-0.892989452936621,0,12.587,6,10
2025-05-31 23:22:38.534,28.992474,-0.415001,1.353575,-99,86.7256817130797,-78.696188203907,35.7275561739516,25.0017256817131,-0.396871866845163,-0.529157394211012,0.00582024584543368,3.60490432894422,-2.09081805569566,0,12.587,6,10
2025-05-31 23:22:39.547,29.005154,0.803675,-1.507641,-99,87.7377180837993,-78.6962186610994,35.7275984727499,24.994622819162,-0.505246038082186,-0.692648004149055,0.0851330533985393,5.76347106100653,-3.26837579636922,0,12.587,6,10
2025-05-31 23:22:40.557,26.796703,-0.503317,-1.294704,-99,88.7463250902806,-78.6962623533817,35.727660206721,24.9845367490972,-0.547999238679293,-0.628223744593261,0.0412579838236781,7.63606890799114,-4.35364134479469,-0.0223897527084196,12.587,6,10
2025-05-31 23:22:41.593,22.467106,1.625078,-1.149176,-99,89.7822693724171,-78.6963165207731,35.7277362177915,24.9827822693724,-0.544772860615266,-0.630998154421127,0.0410281910928596,8.4633119924844,-4.87032619917349,-0.0143546125516572,12.587,6,10
2025-05-31 23:22:42.607,22.330696,-0.51363,-0.93298,-99,90.7958663822147,-78.696372948104,35.7278156530308,24.9822041336178,-0.540512207383429,-0.657882727488886,0.0431670680909989,8.76100793173153,-5.03550396586576,-0.01,12.587,6,10
2025-05-31 23:22:43.632,21.671055,-7.521528,-0.341991,-99,91.8194361745066,-78.6964311078619,35.7278970271195,24.9885554893961,-0.537283386747588,-0.624693920496376,0.02799331138058,8.81819436174507,-5.13374925570559,-0.01,12.587,6,10
2025-05-31 23:22:44.636,19.213276,-1.404909,-2.749632,-99,92.8235661066019,-78.6964884256247,35.7279767911489,24.9932942644264,-0.529999596416926,-0.647433842876391,0.0394648471015952,8.79529301680194,-5.12529301680194,-0.00176433893398082,12.587,6,10
2025-05-31 23:22:45.655,18.160164,0.47678,-0.961769,-99,93.8417328992961,-78.6965461420821,35.7280572127258,24.9948417328993,-0.524057764598612,-0.638110386378869,0.0339593924477331,8.74791335503519,-5.09474801302112,0,12.587,6,10
2025-05-31 23:22:46.682,15.562981,0.662216,-1.938267,-99,94.8667276666603,-78.6966040701132,35.7281378247946,24.9932665446667,-0.51958816788533,-0.636568684218992,0.035056391876864,8.67066178666717,-5.05533089333359,0,12.587,6,10
2025-05-31 23:22:47.733,14.83482,0.113108,-0.948606,-99,95.917160466696,-78.696662685838,35.7282195633683,24.9911656790666,-0.520778280319822,-0.642690894105448,0.0376432437838269,8.66,-5.03165679066608,0,12.587,6,10
2025-05-31 23:22:48.734,13.592125,0.890921,-3.421099,-99,96.9172768527689,-78.6967183923207,35.7282973641391,24.9919172768528,-0.522247426826576,-0.635670057807872,0.0351678710310817,8.64165446294462,-5.02082723147231,0,12.587,6,10
2025-05-31 23:22:49.743,13.495689,2.51556,-1.506098,-99,97.9255480158667,-78.6967744604697,35.7283755299712,24.9901489039683,-0.523942692016456,-0.641112708035069,0.0383683325607197,8.65851096031733,-5.02925548015867,0,12.587,6,10
2025-05-31 23:22:50.774,11.666599,1.582836,-1.652706,-99,98.9565856997946,-78.6968321687992,35.7284561050017,24.9890434143002,-0.517048480327564,-0.638347711123701,0.0361480522015695,8.65043414300205,-5.01086828600411,-0.0095658569979462,12.587,6,10
2025-05-31 23:22:51.806,12.51458,0.891666,-0.946447,-99,99.9867269011724,-78.6968892646703,35.7285359713348,24.9899867269012,-0.5220296343874,-0.637989254651481,0.0371739321491031,8.64013273098828,-5.01,-0.000132730988276087,12.587,6,10
2025-05-31 23:22:52.817,12.04892,3.139118,-7.870232,-99,100.997521609684,-78.696945761458,35.7286148066856,24.9919950432194,-0.515522314399273,-0.640002486869166,0.0372157295940347,8.62004956780632,-5.00002478390316,0,12.587,6,10
2025-05-31 23:22:53.826,9.440022,2.798866,-3.2386,-99,102.005874485196,-78.6970014277963,35.728692557035,24.9899941255148,-0.525342825026934,-0.63802568471556,0.0377654057054116,8.64005874485196,-5.01,-5.8744851959117e-05,12.587,6,10
2025-05-31 23:22:54.846,10.107475,0.393578,-1.726355,-99,103.025365016948,-78.6970583102949,35.7287718708618,24.9890760950508,-0.519280068733631,-0.639190662142092,0.0382859138035395,8.64974634983052,-5.01,-0.00974634983052349,12.587,6,10
2025-05-31 23:22:55.854,9.451317,2.739288,-2.323601,-99,104.032323879624,-78.6971143069049,35.728850124495,24.9920323238796,-0.521674615946835,-0.6387040839506,0.0376552184604437,8.63967676120376,-5.00967676120376,0,12.587,6,10
2025-05-31 23:22:56.876,8.994999,2.520187,-2.630857,-99,105.052693769137,-78.6971713245042,35.7289297837671,24.9929473062309,-0.51372200387171,-0.63841867593467,0.0371399751995602,8.62894612461725,-4.99947306230862,0,12.587,6,10
2025-05-31 23:22:57.883,8.549603,2.17979,-3.590223,-99,106.058830755218,-78.69722717099,35.7290077652666,24.992,-0.518978725233573,-0.638534920854228,0.0381309662724847,8.61058830755218,-4.99,0,12.587,6,10
2025-05-31 23:22:58.894,8.568214,2.806084,-2.615904,-99,107.069379300969,-78.6972833366753,35.72908616302,24.992,-0.517600583168051,-0.638537503863394,0.0385039829109053,8.62138758601938,-4.99138758601938,0,12.587,6,10
2025-05-31 23:22:59.906,7.67522,2.873825,-3.026728,-99,108.080290047985,-78.6973392801847,35.7291643545947,24.992080290048,-0.52338033521769,-0.638889117859275,0.0386862434991915,8.64160580095971,-5.01080290047985,0,12.587,6,10
2025-05-31 23:23:00.932,8.06546,2.040833,-3.694309,-99,109.1049128675,-78.6973964436467,35.7292441622211,24.993,-0.5163282437766,-0.638453011786488,0.0379779611444975,8.65685261397499,-5.01790174264999,0,12.587,6,10
2025-05-31 23:23:01.943,6.959999,1.404408,-2.958462,-99,110.115178947747,-78.6974527039495,35.7293227494042,24.993,-0.518051885797445,-0.638389648968287,0.0382535267481389,8.63,-5,0,12.587,6,10
2025-05-31 23:23:02.950,7.753841,2.26194,-2.766661,-99,111.120362406789,-78.6975085921498,35.729400852159,24.993,-0.516777947099677,-0.638338311381146,0.0384021579334206,8.62879637593212,-4.99879637593211,0,12.587,6,10
2025-05-31 23:23:03.966,6.979427,2.207634,-1.703808,-99,112.135868712166,-78.6975650543004,35.7294797434121,24.9928641312878,-0.518636327904929,-0.638197013884463,0.0387513448716396,8.62135868712165,-4.99135868712166,0,12.587,6,10
2025-05-31 23:23:04.985,4.980392,2.639015,-2.561335,-99,113.154656933519,-78.6976216679941,35.7295587704467,24.9921546569335,-0.518736351079675,-0.638732594351345,0.039352151526172,8.63154656933519,-5,0,12.587,6,10
2025-05-31 23:23:06.009,6.425377,2.684006,-4.46888,-99,114.177200284682,-78.6976783700559,35.7296379861822,24.9933544005694,-0.521367033114718,-0.638344860129358,0.0389893625805655,8.64177200284682,-5.00177200284682,0,12.587,6,10
2025-05-31 23:23:07.025,6.409943,3.098705,-3.106104,-99,115.193448629254,-78.6977349750887,35.7297170696482,24.995,-0.518094646119013,-0.638923879016407,0.0393458983586799,8.64419654112237,-5.00806551370746,0,12.587,6,10
2025-05-31 23:23:08.054,3.227169,2.86993,-3.40284,-99,116.221175054341,-78.697792197333,35.7297970410667,24.995,-0.518502356330482,-0.638223714165497,0.0385905479352009,8.62221175054341,-5,0,12.587,6,10
2025-05-31 23:23:09.076,4.632042,2.616104,-2.195709,-99,117.243125126202,-78.6978489934445,35.7298762665098,24.995,-0.519794402743775,-0.638659317083263,0.0394309046095823,8.63,-5,0,12.587,6,10
2025-05-31 23:23:10.098,5.334339,3.5858,-5.126499,-99,118.264084823614,-78.6979053662144,35.7299550968551,24.9973767634125,-0.490799765722339,-0.637765522496863,0.0357481253529558,8.50059843642924,-4.923415401152,-0.00264084823613795,12.587,6,10
2025-05-31 23:23:11.099,3.112942,2.402531,-4.697273,-99,119.264066630303,-78.6979584977049,35.7300293734108,25.0037359333697,-0.376197441498912,-0.634063463193703,0.0214247696086777,7.87065203709142,-4.55684135442453,-0.00735933369697475,12.587,6,10
2025-05-31 23:23:12.112,3.489361,-16.534647,-3.847063,-99,120.2762756733,-78.698006686461,35.7300966278923,25.000237243267,-0.270815443908273,-0.632137777255713,0.0116849354981252,6.79952021897227,-3.95042081235515,0,12.587,6,10
2025-05-31 23:23:13.135,3.302055,1.904547,-3.22506,-99,121.298243298903,-78.6980476490425,35.7301538349757,24.9912105402066,-0.160515677659718,-0.631277153582461,0.00418045686859019,5.58123101039304,-3.26228239180072,0,12.587,6,10
2025-05-31 23:23:14.150,2.446075,2.843475,-3.515301,-99,122.312550866033,-78.6980801575776,35.7301991455964,24.987,-0.0546275431747841,-0.630991165389625,-0.00114873585415408,4.27430734817581,-2.50933583315441,0,12.587,6,10
2025-05-31 23:23:15.159,2.976078,2.896267,-3.889959,-99,123.321046855854,-78.6981036862153,35.7302318372292,24.9879631405676,0.0413675773006135,-0.631426571292526,-0.00634913486384565,2.90411346468669,-1.70711017252372,0,12.587,6,10
2025-05-31 23:23:16.168,3.498192,2.843422,-4.918303,-99,124.329371563958,-78.6981179702867,35.7302516584014,24.9919762293837,0.113301815080155,-0.631768737562412,-0.0110776637337177,1.44264893842293,-0.836859308077092,0,12.587,6,10
2025-05-31 23:23:17.190,2.187763,3.789856,-2.25062,-99,125.349147697215,-78.6981230698295,35.7302587698295,24.9956508523028,0.0921356367503851,-0.6315613746763,-0.00779613028365765,0.210036950754288,-0.110815352030296,0,12.587,6,10
2025-05-31 23:23:18.200,2.153069,2.399876,-5.107403,-99,126.357856393455,-78.6981225916441,35.7302580411447,24.9946421436065,0.0180845762951666,-0.631717089397635,0.000246304230994965,-0.203578563934551,0.137157127869101,0,12.587,6,10
2025-05-31 23:23:19.234,3.469265,2.908428,-5.079306,-99,127.390507129399,-78.6981211094929,35.7302557580365,24.9955620285176,-0.00551350213035864,-0.621292334981033,0.00511061879389006,-0.167044215766142,0.130474643530065,0,12.587,6,10
2025-05-31 23:23:20.238,2.876659,3.698727,-6.33606,-99,128.393897977249,-78.698120303051,35.7302542454918,24.9987877959545,-0.00633709542234944,-0.200799297825234,0.00473638790852116,-0.0724271415925844,0.0921220404550241,0,12.587,6,10
2025-05-31 23:23:21.271,3.033195,3.572914,-4.604017,-99,129.425765054393,-78.698119829694,35.7302535722705,25.0004257650544,-0.00486767249774063,0.885712663150075,0.000572455852411291,-0.0214846989121426,0.08,0,12.587,6,10
2025-05-31 23:23:22.257,-0.820713,3.714542,-6.629709,-99,130.41216612049,-78.6981194763502,35.7302533587834,25.001,-0.00211716584199044,1.22730603454007,0.000495715288125714,-0.01,0.0717566775902092,0,12.587,6,10
2025-05-31 23:23:23.274,3.529324,3.98653,-5.209839,-99,131.427984487999,-78.6981191716046,35.7302533,25.001,-7.49326617933973e-05,0.789803832660068,0.0023548559384826,-0.0142798448799916,0.0557201551200084,0,12.587,6,10
2025-05-31 23:23:24.292,3.268524,3.814907,-4.14159,-99,132.444452213311,-78.6981189111096,35.7302532555548,25.001,0.000560290688581888,1.00295931140895,0.00214905883209594,-0.02,0.0411109557337734,0,12.587,6,10
2025-05-31 23:23:25.305,4.107605,0.018005,-23.188797,-99,133.456195215303,-78.6981187087609,35.7302532,25.001,-0.00055383561741955,1.89354694457212,0.00172723939301172,-0.02,0.0254380478469664,0,12.587,6,10
2025-05-31 23:23:26.326,2.626442,3.67992,-4.850975,-99,134.476296068207,-78.6981185523704,35.7302532,25.001,-0.00171587801104365,2.67774297325747,0.00133762637972456,-0.0247629606820654,0.0152370393179346,0,12.587,6,10
2025-05-31 23:23:27.325,2.992256,6.198689,-4.015442,-99,135.474823436307,-78.6981184525177,35.7302531525177,25.0014748234363,-0.00105863859225101,2.53405311696713,0.00174602158459969,-0.0252517656369283,0.00525176563692826,0,12.587,6,10
2025-05-31 23:23:28.346,3.109966,3.320145,-3.857798,-99,136.495145281969,-78.6981183504855,35.7302530504855,25.0029902905639,-0.000892962774008541,-0.288113354191856,0.00173825115056299,-0.02,0,0,12.587,6,10
2025-05-31 23:23:29.356,2.463116,1.616449,-3.372086,-99,137.503336041018,-78.6981183,35.7302529496664,25.004,-0.00153396893239333,-2.2639218612815,0.000952788977741786,-0.0149666395898156,-0.00503336041018444,0,12.587,6,10
2025-05-31 23:23:30.374,2.556221,2.941219,-4.670546,-99,138.520009636454,-78.698118247999,35.730252847999,25.004,-0.000924191354046133,-2.04213251225595,0.00132670959954997,-0.00479990363546215,-0.01,0,12.587,6,10
2025-05-31 23:23:31.393,4.176319,3.588791,-3.975727,-99,139.538075987067,-78.6981182,35.7302528,25.004,-0.000279198540788128,-2.44796178119224,0.00182160538854146,0,-0.01,0,12.587,6,10
2025-05-31 23:23:32.389,2.169842,1.915823,-4.150768,-99,140.534404850312,-78.6981182,35.7302528,25.004,-0.000628630617045454,-2.1595835643007,0.00146168693081749,0,-0.01,0,12.587,6,10
2025-05-31 23:23:33.395,2.751179,5.56459,-5.186174,-99,141.539278159215,-78.6981182,35.7302527460722,25.0029214436816,-0.0013343834392835,-1.19429120022372,0.000987458643494821,0,-0.01,0,12.587,6,10
2025-05-31 23:23:34.405,2.598713,3.046215,-4.225788,-99,142.548314595518,-78.6981182548315,35.7302527,25.002,-0.00172309415415655,-0.533136390277865,0.000987074080606115,0.00548314595517901,-0.00451685404482099,0,12.587,6,10
2025-05-31 23:23:35.408,2.628487,2.292171,-3.536812,-99,143.549993410096,-78.6981183,35.7302526450007,25.0030999868202,-0.00109990928726123,-0.780391093572249,0.00155080543914252,0.01,0,0,12.587,6,10
2025-05-31 23:23:36.439,3.097263,1.969376,-3.270546,-99,144.57961611786,-78.6981183579616,35.7302526,25.004,-0.000426068537864418,-0.886321271029967,0.00173917267781889,0.01,0,0,12.587,6,10
2025-05-31 23:23:37.443,0.885,2.795776,-4.642435,-99,145.581520621695,-78.6981184581521,35.7302526,25.004,0.000279005368346926,-0.753508517826934,0.00205136205787055,0.01,0,0,12.587,6,10
2025-05-31 23:23:38.484,4.766479,4.568256,-3.535427,-99,146.620263713101,-78.6981185620264,35.7302526620264,25.0027594725738,0.001188099592159,-0.826531531420181,0.00214013812763252,0.01,0.0124052742620244,0,12.587,6,10
2025-05-31 23:23:39.516,3.851593,1.915806,-3.645533,-99,147.649925639055,-78.6981186649926,35.7302527,25.002,0.00144679283730639,-0.804209047926687,0.00183967170706341,0.00350074360945039,0.02,0,12.587,6,10
2025-05-31 23:23:40.505,3.007202,3.89048,-5.088503,-99,148.637537924152,-78.6981187,35.7302527637538,25.0026375379242,0.0016198192991837,-0.812297478756861,0.00207370273788978,0,0.0263753792415169,0,12.587,6,10
2025-05-31 23:23:41.541,2.913105,2.558979,-4.021267,-99,149.672845060284,-78.6981187672845,35.7302528,25.0036728450603,0.00211377492228472,-1.56770187209831,0.000124995049887948,0,0.03,0,12.587,6,10
2025-05-31 23:23:42.562,3.663509,3.169224,-4.246695,-99,150.692739422983,-78.6981188,35.7302528,25.003307260577,0.000826938711897381,-2.72593698786107,-0.00156132339611971,0,0.03,0,12.587,6,10
2025-05-31 23:23:43.573,3.454704,4.927471,-5.455383,-99,151.702329476492,-78.6981188,35.7302528,25.0022976705235,0.00124111843662002,-2.65409678073774,-0.00154615132590727,0,0.03,0,12.587,6,10
2025-05-31 23:23:44.581,3.620171,2.133148,-4.466818,-99,152.70876647123,-78.6981202175329,35.7302507445772,24.9998737005863,-0.205863565084258,-2.35417521490093,-0.0642720092851065,-0.82925677133916,-0.451961200436435,0,12.587,6,10
2025-05-31 23:23:45.581,2.708092,2.400635,-2.952209,-99,153.708432002157,-78.6981307888912,35.7302358022032,25.0018337280086,-0.350221351543546,-2.56359211714535,-0.00825614039103165,-2.65770720453037,-1.54262432271822,0,12.587,6,10
2025-05-31 23:23:46.599,4.605465,2.138988,-3.407749,-99,154.724919258831,-78.6981550527554,35.7302018006408,25.0008252422235,-0.452599907501001,-2.50156245986608,-0.0423865252249122,-4.75608448060262,-2.77990311059666,0,12.587,6,10
2025-05-31 23:23:47.623,2.979305,4.337498,-3.36426,-99,155.748518832733,-78.6981933144203,35.7301482098709,24.9917662928399,-0.581288912777141,-2.47614537076696,-0.049985760090017,-6.89188954873987,-4.04564854091659,0,12.587,6,10
2025-05-31 23:23:48.638,3.492588,5.302292,-4.59313,-99,156.763444471768,-78.6982437571792,35.7300784502758,24.9897634444718,-0.562320965804224,-2.52484138561229,-0.0233528540231662,-8.13000335874383,-4.84097001721356,-0.00763444471767558,12.587,6,10
2025-05-31 23:23:49.647,4.316231,4.2309,-2.748241,-99,157.771364063857,-78.698299859206,35.7300014421486,24.9861431796807,-0.546181994650789,-2.48152740270275,-0.0380514167930509,-8.61997742234997,-5.11341825021713,-0.01,12.587,6,10
2025-05-31 23:23:50.653,2.671597,6.041348,-3.784883,-99,158.777057113941,-78.698358024724,35.7299216908423,24.9857770571139,-0.535226717710012,-2.50637413645593,-0.0242493856766567,-8.7699351402547,-5.21216456911529,-0.01,12.587,6,10
2025-05-31 23:23:51.659,3.735489,3.268417,-1.599981,-99,159.782252111048,-78.6984162923972,35.7298421020832,24.9922580168884,-0.532801081370309,-2.50095275523107,-0.0305345369943441,-8.76653243666856,-5.19870991555807,-0.00217747888951822,12.587,6,10
2025-05-31 23:23:52.670,3.019211,3.135422,-2.907608,-99,160.791754066332,-78.6984744258588,35.7297624306042,24.9947917540663,-0.523217372828902,-2.49588567837324,-0.0305615286335432,-8.73624737801005,-5.15041229668341,0,12.587,6,10
2025-05-31 23:23:53.704,2.944252,4.116592,-4.868956,-99,161.824468605936,-78.6985333122637,35.729681526555,24.9958244686059,-0.523084967017166,-2.50437461095415,-0.0273218304530193,-8.67228719758447,-5.10702125576256,0,12.587,6,10
2025-05-31 23:23:54.698,2.043499,3.282669,-4.002748,-99,162.81699779602,-78.6985894603755,35.7296042375715,24.995183002204,-0.52040798542978,-2.49797030212734,-0.0293055471025064,-8.6518300220398,-5.0918300220398,0,12.587,6,10
2025-05-31 23:23:55.702,2.630669,4.674988,-3.917028,-99,163.820476524653,-78.6986459928283,35.7295263310217,24.995,-0.522706937683903,-2.50022436626728,-0.0276569302398866,-8.61718093901388,-5.07359046950694,0,12.587,6,10
2025-05-31 23:23:56.731,4.194771,4.952549,-3.592251,-99,164.849243544648,-78.6987038274872,35.7294466685496,24.995,-0.521644829561043,-2.50135041288844,-0.0276578631324102,-8.62698487089296,-5.08698487089296,0,12.587,6,10
2025-05-31 23:23:57.736,2.56583,4.884907,-3.303205,-99,165.852912458838,-78.6987603189714,35.7293688139932,24.995,-0.522832225918985,-2.49932798151794,-0.0281885140641128,-8.60441262623486,-5.07294175082324,0,12.587,6,10
2025-05-31 23:23:58.772,3.189236,4.819069,-3.731201,-99,166.888653233299,-78.6988184534464,35.7292887959704,24.9941113467667,-0.523943972548643,-2.50009446052951,-0.0276065278383494,-8.60888653233299,-5.07888653233299,0,12.587,6,10
2025-05-31 23:23:59.777,2.358303,7.78257,-4.842176,-99,167.892738083342,-78.6988750504279,35.7292108342509,24.9948927380833,-0.520884829674065,-2.50021911731809,-0.0272468531776253,-8.60107261916658,-5.07107261916658,0,12.587,6,10
2025-05-31 23:24:00.808,2.531075,5.784195,-4.481375,-99,168.922176135893,-78.6989329262988,35.7291311235671,24.995,-0.520088927184867,-2.50010243035723,-0.0265939611146555,-8.59077823864107,-5.07,0,12.587,6,10
2025-05-31 23:24:01.821,3.236385,7.153381,-5.973515,-99,169.934387351779,-78.6989898125692,35.729052778419,24.995,-0.522969045469412,-2.50005799187973,-0.0273460690211873,-8.57131225296443,-5.06065612648221,0,12.587,6,10
2025-05-31 23:24:02.822,2.92775,7.606499,-4.96674,-99,170.935521404567,-78.6990457956465,35.728975758404,24.9921934357863,-0.526109532501044,-2.50000514320435,-0.0279638115777043,-8.60742085618266,-5.07871042809133,0,12.587,6,10
2025-05-31 23:24:03.855,4.082047,8.664536,-4.080719,-99,171.967834640986,-78.6991040826572,35.7288955024649,24.993935669282,-0.520380047999103,-2.50050678015449,-0.0263034051436809,-8.59064330718028,-5.07032165359014,0,12.587,6,10
2025-05-31 23:24:04.851,3.879429,7.16267,-4.765142,-99,172.962863608434,-78.6991600129348,35.7288184743567,24.994,-0.521875601963232,-2.49935485395657,-0.0277155942848154,-8.59962863608434,-5.07,0,12.587,6,10
2025-05-31 23:24:05.877,2.775703,8.598927,-3.197023,-99,173.988577372786,-78.6992178557638,35.7287388863959,24.9949885773728,-0.518729068312895,-2.50068081726491,-0.0261071217734042,-8.58022845254429,-5.06011422627214,0,12.587,6,10
2025-05-31 23:24:06.889,1.835629,9.102093,-4.239408,-99,174.9995661024,-78.6992744757017,35.7286609334535,24.9940004338976,-0.522761485733057,-2.49978605697697,-0.027247165946394,-8.58,-5.06,0,12.587,6,10
2025-05-31 23:24:07.894,4.023663,9.787338,-4.838461,-99,176.003895312235,-78.6993311173584,35.7285830004505,24.994,-0.519505030173065,-2.49991683928035,-0.0266525905233748,-8.57011685936704,-5.06003895312235,0,12.587,6,10
2025-05-31 23:24:08.910,3.395794,7.734066,-3.592451,-99,177.019770746448,-78.699387813093,35.7285048657901,24.9940197707464,-0.526387293838619,-2.49993579086139,-0.0276304377471029,-8.60019770746447,-5.07019770746448,0,12.587,6,10
2025-05-31 23:24:09.929,2.866348,9.670494,-3.790915,-99,178.037580011151,-78.6994451119966,35.7284258950651,24.995,-0.52149676953907,-2.50025285558047,-0.0263144150280731,-8.60962419988849,-5.07962419988849,0,12.587,6,10
2025-05-31 23:24:10.946,4.983353,9.340599,-4.79715,-99,179.053141249868,-78.6995022024806,35.7283473709249,24.995,-0.523062460658541,-2.49971001437033,-0.0273860340903847,-8.59946858750132,-5.06946858750132,0,12.587,6,10
2025-05-31 23:24:11.946,2.646179,9.431572,-8.010159,-99,180.052544931129,-78.6995586372617,35.7282697540403,24.9949474550689,-0.516720543580357,-2.50012015972583,-0.026038972830271,-8.59052544931129,-5.06052544931129,0,12.587,6,10
2025-05-31 23:24:12.968,3.6161,11.786705,-5.838314,-99,181.073605200201,-78.6996157366122,35.7281911029575,24.994,-0.525700579219673,-2.50052811651686,-0.0276419828215042,-8.60147210400402,-5.07073605200201,0,12.587,6,10
2025-05-31 23:24:13.977,2.579361,12.954048,-3.998352,-99,182.082917781744,-78.6996724682711,35.7281129821637,24.9940829177817,-0.521122422106799,-2.50004990009956,-0.0271105082940274,-8.61834164436512,-5.07917082218256,0,12.587,6,10
2025-05-31 23:24:14.998,2.018524,11.778225,-5.072691,-99,183.102468256497,-78.6997298792097,35.7280340382165,24.9951024682565,-0.522101503489582,-2.50022309631637,-0.0269905039130055,-8.60102468256497,-5.07,0,12.587,6,10
2025-05-31 23:24:16.023,3.142239,12.137913,-4.152861,-99,184.126824101875,-78.6997876021497,35.7279545218617,24.9958731758981,-0.517080558158554,-2.50039014692076,-0.0268347646299605,-8.6074635179625,-5.06873175898125,0,12.587,6,10
2025-05-31 23:24:17.036,1.5877,12.555798,-5.777393,-99,185.138610499064,-78.69984428991,35.7278764715474,24.995,-0.52406103583245,-2.50025886466361,-0.028088639567434,-8.59415831497192,-5.06277220998128,0,12.587,6,10
2025-05-31 23:24:18.059,3.334011,13.125343,-4.184044,-99,186.160627168297,-78.6999017111841,35.7277973995826,24.995,-0.518846253578035,-2.50051934769293,-0.0271641566606585,-8.61678745663405,-5.07839372831703,0,12.587,6,10
2025-05-31 23:24:19.055,3.771545,13.581394,-4.06798,-99,187.156666839933,-78.6999576046764,35.7277204739866,24.995,-0.522881360894972,-2.50028370946572,-0.027962106429041,-8.60313333679867,-5.07156666839934,0,12.587,6,10
2025-05-31 23:24:20.072,-5.379467,12.640808,-4.348005,-99,188.17280103804,-78.7000144176566,35.7276422399221,24.9969008114184,-0.488057767399985,-2.50120262981899,-0.023351986937389,-8.49903927337214,-5.00915157440368,0,12.587,6,10
2025-05-31 23:24:21.089,1.741207,14.714363,-3.952827,-99,189.18937389903,-78.7000687414463,35.7275675119488,25.0050531305049,-0.365413483160566,-2.50345173630658,-0.0103181580866914,-7.72494488399946,-4.55637566058221,0,12.587,6,10
2025-05-31 23:24:22.089,0.726404,13.280731,-5.101189,-99,190.189766487359,-78.7001161753092,35.7275024402402,24.998912568639,-0.261366554024964,-2.50422554255473,-0.00572055598437562,-6.66607554491611,-3.93906112372213,0,12.587,6,10
2025-05-31 23:24:23.110,1.570171,14.69408,-4.806129,-99,191.209132961713,-78.7001567850409,35.7274469844502,24.9889543351914,-0.154357538994795,-2.50482083061471,-0.00248918004335079,-5.45067512747626,-3.22315027871548,0,12.587,6,10
2025-05-31 23:24:24.133,1.101427,13.34063,-4.32242,-99,192.230870634609,-78.7001889255917,35.7274031042243,24.9852308706346,-0.0471920601191664,-2.50473043757004,0.00218638565235157,-4.16063334962406,-2.44299478596678,0,12.587,6,10
2025-05-31 23:24:25.136,2.161751,13.476498,-3.05624,-99,193.233260329158,-78.7002116388611,35.7273717849029,24.9866997809875,0.0522739836492987,-2.504334576807,0.00808861301471778,-2.78710731613738,-1.61706351363233,0,12.587,6,10
2025-05-31 23:24:26.137,2.611027,12.945541,-5.777561,-99,194.233337428252,-78.7002249066896,35.7273534566343,24.9897000122848,0.125235456945033,-2.50355224406108,0.012922381198681,-1.33099422616533,-0.756329934551222,-0.0023333742825154,12.587,6,10
2025-05-31 23:24:27.162,1.430635,14.313419,-30.305576,-99,195.257085678924,-78.70022902004,35.72734757996,24.9917429143211,0.0819103758054645,-2.50350426361414,0.00781468425503527,-0.131740587695133,-0.0505868666906218,-0.00742914321076377,12.587,6,10
2025-05-31 23:24:28.169,1.182623,13.726166,-27.149288,-99,196.261991456063,-78.7002280022162,35.7273487025804,24.9912619914561,0.0117125735728273,-2.50435109558746,0.00131099432838437,0.202140256318122,0.142140256318122,0,12.587,6,10
2025-05-31 23:24:29.220,0.890087,14.435322,-5.091732,-99,197.31107276221,-78.7002261956054,35.7273508666091,24.9929332182866,-0.00860278644802703,-2.49911135796019,-5.65133266142385e-05,0.152003451401095,0.101335634267397,0,12.587,6,10
2025-05-31 23:24:30.221,1.422756,12.100555,-3.773523,-99,198.31118429201,-78.7002251132894,35.7273521489474,24.996244737168,-0.00660711535617796,-2.19012386279117,-0.000668714086296968,0.0713289424794142,0.0475526283196094,0,12.587,6,10
2025-05-31 23:24:31.257,1.941828,12.015141,-5.444359,-99,199.34646340233,-78.700224596061,35.727352803939,24.9996929268047,-0.00146019755882938,-1.12411903254044,-0.00191370125035221,0.0265353659766987,0.0130707319533975,0,12.587,6,10
2025-05-31 23:24:32.266,0.017118,13.302856,-4.977716,-99,200.354100302764,-78.70022436459,35.7273530708201,25.001,0.000136658173696289,-0.587557568269673,-0.000261609540229569,0.0164589969723577,0,0,12.587,6,10
2025-05-31 23:24:33.272,1.07641,15.24823,-4.207726,-99,201.359042755126,-78.7002242640957,35.7273532359043,25.001,-0.000280691716843753,-0.91990116196732,-5.73840840995216e-06,0.01,0,0,12.587,6,10
2025-05-31 23:24:34.279,1.305349,13.229,-4.997198,-99,202.364892392082,-78.7002241635108,35.7273533364892,25.001,-0.000235563223489576,-0.178651507709811,-0.000236256426446948,0.01,0,0,12.587,6,10
2025-05-31 23:24:35.295,2.225285,14.614483,-5.036184,-99,203.380637718481,-78.7002240619362,35.7273534380638,25.001,0.000577140247866389,0.863894782148469,-0.000170155246717218,0.0061936228151904,0,0,12.587,6,10
2025-05-31 23:24:36.300,0.094097,12.839054,-4.005564,-99,204.385407359881,-78.700224,35.7273535,25.001,0.000510255122203412,0.695119344569253,-0.000432073556901313,0,0,0,12.587,6,10
2025-05-31 23:24:37.350,1.272402,14.362457,-22.22784,-99,205.434997412365,-78.700224,35.7273535,25.001,0.000295455895756586,0.95303014999828,-0.000506657630867504,0,0,0,12.587,6,10
2025-05-31 23:24:38.365,1.994692,14.307758,-3.996944,-99,206.449090045735,-78.700223955091,35.7273535,25.001,0.00075042751548229,2.27425671913836,0.000316772534662355,0,-0.00449090045735136,0,12.587,6,10
2025-05-31 23:24:39.355,0.748781,13.245789,-6.241642,-99,207.438635028709,-78.7002239,35.7273535,25.001,0.000607250966307916,0.475334902416035,0.00103827389637036,0,-0.01,0,12.587,6,10
2025-05-31 23:24:40.367,0.848764,12.499565,-5.358265,-99,208.449084564262,-78.7002239,35.7273535,25.001,0.000547744174183873,-2.534580873322,0.000932580487459804,0.00449084564262171,-0.00550915435737829,0,12.587,6,10
2025-05-31 23:24:41.380,1.49831,14.798882,-5.615025,-99,209.459395182449,-78.7002239,35.7273535,25.001,0.000426604039031608,-2.49881572982343,0.000454067288712213,0.01,0,0,12.587,6,10
2025-05-31 23:24:42.400,1.359749,11.314415,-4.196877,-99,210.477972415584,-78.7002239477972,35.7273535,25.001,0.000170186388698896,-2.65583985367444,-0.000157327253102147,0.00522027584416103,0,0,12.587,6,10
2025-05-31 23:24:43.426,-0.460855,12.315544,-4.463793,-99,211.502578670151,-78.7002240502579,35.7273535502579,25.001,-0.000268741523635552,-2.55681871818641,-0.000839351140622389,0,0,0,12.587,6,10
2025-05-31 23:24:44.432,1.522934,12.646069,-5.10858,-99,212.507039862598,-78.7002241,35.727353650704,25.001,-0.000819300830569595,-2.58427073440721,-0.00123943830484222,0,0,0,12.587,6,10
2025-05-31 23:24:45.454,1.752647,14.701336,-5.852051,-99,213.527305330327,-78.7002241,35.7273537527305,25.0015273053303,-0.00121515416859952,-2.66580402964206,-0.000986123212562811,-0.00527305330326728,0,0,12.587,6,10
2025-05-31 23:24:46.455,1.359344,14.774616,-5.738503,-99,214.527939839105,-78.7002241,35.7273538,25.0025279398391,-0.00170402571580778,-0.0534362628619227,-4.73993469365032e-05,-0.0152793983910458,0.00527939839104582,0,12.587,6,10
2025-05-31 23:24:47.498,0.683346,13.350834,-3.748529,-99,215.569760605459,-78.7002241,35.7273538,25.0018604787891,-0.00149717474472611,1.94054307896001,0.00109230328320286,-0.02,0.01,0,12.587,6,10
2025-05-31 23:24:48.489,3.258663,14.116764,-2.916933,-99,216.560001199155,-78.7002241,35.7273538,25.001,-0.0031821475587864,2.01632162952874,0.000394679603663029,-0.02,0.01,0,12.587,6,10
2025-05-31 23:24:49.490,3.322094,13.540646,-5.85807,-99,217.560568634723,-78.7002177655744,35.7273502684176,25.001,-0.185137211093175,2.14331321409689,0.0234187775086931,-0.799190402264783,1.18158844657079,0,12.587,6,10
2025-05-31 23:24:50.533,1.190207,12.633381,-6.420958,-99,218.603039392122,-78.7001988094861,35.7273398413997,25.0034121575685,-0.363314715723256,1.95619487988427,0.0700627470652334,-2.02510017996401,2.99852869426115,0,12.587,6,10
2025-05-31 23:24:51.523,1.05451,10.982666,-5.950441,-99,219.593039623619,-78.7001501035611,35.7273132133577,25.0032208811291,-0.485964180378801,2.05451023595996,0.0348148962608371,-3.37886339778978,5.06666866281035,0,12.587,6,10
2025-05-31 23:24:52.544,1.658363,13.632401,-5.082989,-99,220.612449470501,-78.7000752289413,35.7272724321424,24.9977128537065,-0.551791028632921,2.05579239941791,0.0409336159467012,-4.77718835401092,7.1334130892613,-0.00612449470500754,12.587,6,10
2025-05-31 23:24:53.555,0.188557,12.883339,-4.231464,-99,221.621782663003,-78.6999894748082,35.7272255948278,24.998108913315,-0.551905954570553,2.04104869088,0.0370394875234607,-5.42409914564077,8.09223785161129,-0.00378217336997252,12.587,6,10
2025-05-31 23:24:54.578,0.367962,12.395092,-5.644445,-99,222.644253400268,-78.6998955267324,35.7271745652033,24.9974229863989,-0.551926613515706,2.06468175789826,0.0264549990809915,-5.61375294203479,8.44394841807226,0,12.587,6,10
2025-05-31 23:24:55.584,3.250797,11.480862,-4.562357,-99,223.64998896277,-78.6998004860496,35.7271231905673,24.996,-0.541446329697324,2.04682531651652,0.0340726396181887,-5.6924994481385,8.5464998896277,0,12.587,6,10
2025-05-31 23:24:56.584,1.379217,10.25835,-4.721514,-99,224.648329354417,-78.6997058680431,35.7270720055371,24.9979449880632,-0.531507369201366,2.05640243928763,0.0281602104928824,-5.67758353227917,8.511100238735,0,12.587,6,10
2025-05-31 23:24:57.620,2.019836,9.406178,-4.783548,-99,225.683809141187,-78.6996084587026,35.7270192624956,24.999,-0.525087225505596,2.05426622363547,0.0298919758968934,-5.61897145152876,8.42161908588127,0,12.587,6,10
2025-05-31 23:24:58.608,2.486206,9.549412,-2.371122,-99,226.670955559108,-78.6995169378975,35.726969652222,24.9969871333227,-0.526070476629048,2.05270114049295,0.0306599476874217,-5.6,8.37658088881784,0,12.587,6,10
2025-05-31 23:24:59.629,2.751686,8.010685,-4.94677,-99,227.691214561917,-78.699422662653,35.726918501029,24.9953087854381,-0.525709564448324,2.05560149161941,0.0290259460987904,-5.59308785438083,8.36308785438083,0,12.587,6,10
2025-05-31 23:25:00.646,2.478931,9.263367,-5.391375,-99,228.706372187191,-78.6993291137588,35.7268677520279,24.995,-0.525493802425783,2.05275312153454,0.029670873891723,-5.59,8.35293627812809,0,12.587,6,10
2025-05-31 23:25:01.647,2.88451,9.290039,-2.906538,-99,229.706907752707,-78.6992366403421,35.72681754254,24.995,-0.521724921132049,2.05512107002236,0.0277081552669546,-5.5687927674188,8.3287927674188,0,12.587,6,10
2025-05-31 23:25:02.666,3.167427,6.54211,-3.870113,-99,230.725809031561,-78.6991428707309,35.7267666547102,24.9942741909684,-0.522828030216734,2.05451628472443,0.0283324611399735,-5.56,8.32,0,12.587,6,10
2025-05-31 23:25:03.683,4.008213,5.465427,-3.891907,-99,231.742198941365,-78.6990493434775,35.7267158900529,24.9932578010586,-0.523460449829291,2.05436881728411,0.028988516900233,-5.55257801058635,8.31257801058635,0,12.587,6,10
2025-05-31 23:25:04.707,2.921482,7.851875,-2.623962,-99,232.765296515219,-78.6989557284282,35.7266650412928,24.9922347034848,-0.528619980664378,2.0542514295021,0.0295100765027968,-5.57295889545657,8.33295889545657,0,12.587,6,10
2025-05-31 23:25:05.742,4.107937,4.858376,-2.555288,-99,233.800431677404,-78.698860340113,35.7266132183298,24.9936008633548,-0.524663560900906,2.05421919088782,0.0279797419210173,-5.58,8.34800431677404,0,12.587,6,10
2025-05-31 23:25:06.739,5.901764,5.254848,-4.092546,-99,234.796598791005,-78.6987684535915,35.7265632904006,24.994796598791,-0.523531828211303,2.05460876403781,0.0275638245903029,-5.56406802417989,8.33406802417989,0,12.587,6,10
2025-05-31 23:25:07.751,5.410126,6.32156,-3.381611,-99,235.808115167284,-78.6986750301585,35.7265125326186,24.9958081151673,-0.51827849963782,2.0544951981316,0.0274143897241247,-5.55191884832716,8.30575654498147,0,12.587,6,10
2025-05-31 23:25:08.771,3.91436,5.377224,-2.659176,-99,236.827399107843,-78.6985814275018,35.7264617782643,24.9951726008922,-0.523112377625861,2.05453648652783,0.0279303522367542,-5.54172600892157,8.3,0,12.587,6,10
2025-05-31 23:25:09.787,6.145027,5.328022,-3.515011,-99,237.842831570415,-78.6984882280618,35.7264112269878,24.9941571684296,-0.523473820891939,2.05387360393562,0.0280320834163556,-5.5568566314083,8.3168566314083,0,12.587,6,10
2025-05-31 23:25:10.795,4.837627,3.661369,-4.209864,-99,238.849600576911,-78.6983958916271,35.7263610898913,24.9931503994231,-0.526301384481597,2.05433834383148,0.0282967368569019,-5.56849600576911,8.32849600576911,0,12.587,6,10
2025-05-31 23:25:11.801,5.832832,4.486172,-3.466455,-99,239.855065482282,-78.6983030919494,35.7263106757128,24.9947101309646,-0.519930440647409,2.05462496719603,0.0266674654448282,-5.57,8.33855065482282,0,12.587,6,10
2025-05-31 23:25:12.838,5.557404,2.990318,-1.181406,-99,240.891155524236,-78.6982078028073,35.7262588422238,24.995,-0.522913309269238,2.05457845196466,0.0270106164709296,-5.55217688951527,8.31326533427291,0,12.587,6,10
2025-05-31 23:25:13.834,5.370354,3.275555,-2.795717,-99,241.886741112693,-78.6981162198176,35.7262091516185,24.995,-0.521178292141927,2.0544624525259,0.0267340531342653,-5.55886741112693,8.31886741112693,0,12.587,6,10
2025-05-31 23:25:14.863,6.01384,3.280895,-1.784002,-99,242.915673177954,-78.6980218327696,35.7261578994757,24.995,-0.526185898000908,2.0546151978878,0.0276397406089087,-5.56,8.32,0,12.587,6,10
2025-05-31 23:25:15.872,5.622623,3.582188,-1.335869,-99,243.924144913659,-78.6979289862535,35.7261075851688,24.995,-0.522848449778288,2.0545998916285,0.0267882897638521,-5.56924144913659,8.33848289827319,0,12.587,6,10
2025-05-31 23:25:16.895,6.21619,1.513937,-1.397503,-99,244.946609136985,-78.6978348172985,35.7260563748822,24.995,-0.52338251682096,2.05457887126226,0.0269813202327189,-5.56053390863015,8.3210678172603,0,12.587,6,10
2025-05-31 23:25:17.927,4.201096,1.249454,-1.705877,-99,245.976860549079,-78.6977398334574,35.7260048569725,24.995,-0.519542810423354,2.05451261497647,0.0263484457702226,-5.56,8.32,0,12.587,6,10
2025-05-31 23:25:18.927,6.428745,2.687778,-2.241882,-99,246.976180242066,-78.6976479890358,35.7259549886059,24.995,-0.524455903576792,2.05461906138237,0.0269478332285953,-5.54047639515868,8.29071459273802,0,12.587,6,10
2025-05-31 23:25:19.940,5.17564,2.537315,0.996136,-99,247.988103521426,-78.6975553885278,35.725904691255,24.9930237929571,-0.526974966354071,2.05405300095064,0.0278192301272499,-5.56964310564277,8.32952414085702,0,12.587,6,10
2025-05-31 23:25:20.960,-1.065783,-1.833185,-0.755308,-99,249.006885011522,-78.6974614665789,35.7258536564379,24.995,-0.524611389497169,2.05468512561759,0.026488335146209,-5.56006885011521,8.33,0,12.587,6,10
2025-05-31 23:25:21.960,6.104641,1.521542,-1.37361,-99,250.005020936395,-78.6973696360655,35.725803847949,24.9950050209364,-0.524357728422106,2.05454637275254,0.0271117096236505,-5.5698995812721,8.32984937190814,0,12.587,6,10
2025-05-31 23:25:22.978,7.377621,2.098431,-1.235685,-99,251.023081220511,-78.697275581144,35.7257527505552,24.9959769187795,-0.52082368770162,2.05404964226948,0.0261858755490596,-5.55,8.30023081220511,0,12.587,6,10
2025-05-31 23:25:23.999,-26.544315,1.621855,-0.593029,-99,252.043628597783,-78.6971818992576,35.7257019272958,24.995,-0.522943806602913,2.05485491654169,0.0263448782933631,-5.55,8.31,0,12.587,6,10
2025-05-31 23:25:25.016,6.07151,1.952894,0.588993,-99,253.059134300772,-78.697088783298,35.7256513551118,24.995,-0.526455635043217,2.05422620258879,0.026582706335157,-5.55118268601544,8.31177402902316,0,12.587,6,10
2025-05-31 23:25:26.019,7.243698,0.361048,-0.709221,-99,254.061925842115,-78.696996865667,35.7256013851301,24.9950619258421,-0.527428870743549,2.05424008990729,0.0264191087506032,-5.56938074157885,8.3387614831577,0,12.587,6,10
2025-05-31 23:25:27.048,7.871517,1.026197,-1.215965,-99,255.089997180558,-78.6969017292591,35.7255497181404,24.9959100028194,-0.520820668135785,2.05500804387193,0.0258411309085459,-5.56,8.32,0,12.587,6,10
2025-05-31 23:25:28.050,6.190239,1.159302,-0.664837,-99,256.091698655615,-78.6968096270442,35.7254997967275,24.9950916986556,-0.52302636475035,2.0543926557741,0.0266619000609429,-5.5581660268877,8.3181660268877,0,12.587,6,10
2025-05-31 23:25:29.061,7.251663,-0.245651,1.012037,-99,257.102030272718,-78.69671636423,35.7254491290954,24.9958979697273,-0.520046573889718,2.05472782252221,0.0259783638213583,-5.54102030272718,8.30102030272718,0,12.587,6,10
2025-05-31 23:25:30.071,6.528671,-0.134838,1.596104,-99,258.111039736257,-78.6966239954482,35.7253989591172,24.995,-0.52528625819134,2.05464759749893,0.026619567527763,-5.55111039736257,8.31111039736257,0,12.587,6,10
2025-05-31 23:25:31.091,6.676052,-1.272928,-0.186008,-99,259.129779508793,-78.696530399219,35.7253481369805,24.995,-0.525530300410644,2.05447320794093,0.0267021040603532,-5.56129779508793,8.32259559017587,0,12.587,6,10
2025-05-31 23:25:32.092,8.079361,-2.458242,1.561005,-99,260.13103906022,-78.6964384788869,35.7252982218392,24.9951310390602,-0.526682943446856,2.05486047795893,0.0264152882357726,-5.5686896093978,8.3386896093978,0,12.587,6,10
2025-05-31 23:25:33.114,6.696301,0.117411,-0.209538,-99,261.152369089522,-78.6963440972807,35.7252469967824,24.9958476309105,-0.5201335089837,2.05447674106928,0.0255201974313541,-5.55847630910478,8.32695261820956,0,12.587,6,10
2025-05-31 23:25:34.146,6.772575,0.212616,0.614016,-99,262.184005878207,-78.6962492714592,35.7251955181067,24.9951840058782,-0.524199234973453,2.05457950971268,0.0256965944739474,-5.55,8.31,0,12.587,6,10
2025-05-31 23:25:35.145,6.517612,-0.204414,1.790783,-99,263.182825318762,-78.6961574532008,35.7251456952991,24.9961828253188,-0.522608883855352,2.05451053403457,0.0259223646128948,-5.55182825318762,8.31182825318762,0,12.587,6,10
2025-05-31 23:25:36.168,5.763454,-0.950592,1.390999,-99,264.204290434981,-78.6960637235638,35.7250947650492,24.997,-0.525656252696758,2.05435627545868,0.0265695655573148,-5.56204290434981,8.32204290434981,0,12.587,6,10
2025-05-31 23:25:37.186,6.127525,-2.36455,1.134729,-99,265.22227692615,-78.6959697727505,35.7250438083814,24.997,-0.520254302406987,2.05473376476349,0.0258336105962109,-5.56555446147701,8.32555446147701,0,12.587,6,10
2025-05-31 23:25:38.175,7.603458,-0.782955,2.851147,-99,266.209758291849,-78.6958789602855,35.7249944911096,24.9967902417082,-0.522861627556671,2.05428988910827,0.0260511327228365,-5.55209758291849,8.31209758291849,0,12.587,6,10
2025-05-31 23:25:39.202,4.331249,-1.305489,1.824347,-99,267.235812499438,-78.6957844995751,35.7249431801188,24.9962358124994,-0.520061178251035,2.05467677114942,0.0255227002383635,-5.55764187500562,8.31528375001123,0,12.587,6,10
2025-05-31 23:25:40.211,-1.359989,-0.813643,3.44735,-99,268.243895684791,-78.6956920859866,35.7248930296053,24.9965122086304,-0.525758129300181,2.05426076865509,0.0268886781036322,-5.55487791369582,8.30975582739164,0,12.587,6,10
2025-05-31 23:25:41.234,7.963486,-2.10047,3.625523,-99,269.265757107037,-78.6955981503462,35.7248420121446,24.995265757107,-0.52360089204146,2.05453710309588,0.0262075981305156,-5.56734242892963,8.33734242892963,0,12.587,6,10
2025-05-31 23:25:42.255,4.945747,-1.88829,3.218422,-99,270.285988934399,-78.6955042032214,35.7247909719544,24.996,-0.523612613214411,2.05454206391797,0.0262369534312271,-5.56,8.33,0,12.587,6,10
2025-05-31 23:25:43.276,4.558556,-2.258923,4.337303,-99,271.305754274341,-78.6954101400313,35.7247399122863,24.9966115085487,-0.521113737039673,2.05470377201323,0.025748744195173,-5.55388491451318,8.32082737176976,0,12.587,6,10
2025-05-31 23:25:44.272,4.100361,-2.947033,2.703732,-99,272.3015967043,-78.6953184832629,35.7246901804841,24.9973968065914,-0.521974554670577,2.05451046215217,0.0263802895979161,-5.543015967043,8.303015967043,0,12.587,6,10
2025-05-31 23:25:45.288,5.73534,-2.601713,4.27047,-99,273.316199443912,-78.6952253361309,35.7246396532677,24.9956838005561,-0.524522687631018,2.05454763221246,0.0268089048888968,-5.55316199443912,8.31,0,12.587,6,10
2025-05-31 23:25:46.313,4.822681,-1.670475,3.354107,-99,274.340713034809,-78.6951314566147,35.7245885984196,24.995,-0.527666130924272,2.05445196060888,0.0264932354393081,-5.56681426069617,8.32362852139234,0,12.587,6,10
2025-05-31 23:25:47.315,3.044506,-2.014757,3.841034,-99,275.341644540077,-78.6950393637156,35.7245385494441,24.9956832890802,-0.525751310189703,2.0545210812996,0.0256905057093887,-5.5697506637977,8.3397506637977,0,12.587,6,10
2025-05-31 23:25:48.331,5.063366,-4.29875,1.345192,-99,276.357034819962,-78.6949455527966,35.7244876839625,24.99735703482,-0.522218816229243,2.05457429193182,0.0256835211597312,-5.55,8.32,0,12.587,6,10
2025-05-31 23:25:49.344,3.80735,-3.407167,3.012718,-99,277.369712738406,-78.6948523864281,35.7244371143631,24.9976302872616,-0.522156070436704,2.0546484966954,0.02593109904699,-5.55,8.31260574523188,0,12.587,6,10
2025-05-31 23:25:50.360,3.603298,-4.292593,-1.068657,-99,278.385231486619,-78.6947590357495,35.724386415472,24.9962295370268,-0.522501560006481,2.05448676879284,0.0260964566398346,-5.55,8.30770462973239,0,12.587,6,10
2025-05-31 23:25:51.362,3.599136,-3.245661,4.542984,-99,279.38693357896,-78.6946670408041,35.7243364920144,24.995,-0.524304289241225,2.05419474911751,0.026856766562497,-5.5538693357896,8.32,0,12.587,6,10
2025-05-31 23:25:52.367,3.73531,-2.702663,5.744827,-99,280.390895626877,-78.694574854871,35.7242863943082,24.9953908956269,-0.525489090950099,2.05456984909713,0.0263293497165739,-5.56390895626877,8.32781791253754,0,12.587,6,10
2025-05-31 23:25:53.400,3.764874,-4.191841,5.565876,-99,281.422287712288,-78.6944799383866,35.7242348011568,24.9972668631369,-0.523822445388321,2.05445132995104,0.0257865596506242,-5.56155424575425,8.33155424575425,0,12.587,6,10
2025-05-31 23:25:54.418,3.458878,-7.371798,5.208286,-99,282.439262786085,-78.6943861756762,35.7241839247133,24.9981214744278,-0.522347363172383,2.05464396601101,0.0257432407376962,-5.55,8.32,0,12.587,6,10
2025-05-31 23:25:55.434,2.522747,-2.97294,6.541004,-99,283.455300769687,-78.6942928123292,35.7241332804916,24.9965446992303,-0.524612417976625,2.05467288348814,0.0266223662890269,-5.55,8.31544699230313,0,12.587,6,10
2025-05-31 23:25:56.453,1.451817,-3.942516,2.423565,-99,284.473047782927,-78.6941993688231,35.7240825422204,24.9955269522171,-0.525924516887598,2.05434535252756,0.0271731257638613,-5.55946095565855,8.31946095565855,0,12.587,6,10
2025-05-31 23:25:57.459,1.756012,-4.853827,4.797462,-99,285.478591794496,-78.694106830259,35.7240322746919,24.995957183589,-0.523908922577538,2.05453257282949,0.0262845476827968,-5.56521408205504,8.32521408205504,0,12.587,6,10
2025-05-31 23:25:58.475,2.085262,-3.264242,7.038803,-99,286.494346888139,-78.6940132189557,35.7239814320903,24.9974943468881,-0.522297246532744,2.05465115071526,0.0256515521709033,-5.55505653111861,8.31505653111861,0,12.587,6,10
2025-05-31 23:25:59.492,3.656986,-4.551609,6.398438,-99,287.510614135319,-78.6939197724381,35.7239307203547,24.9974893858647,-0.522677333911908,2.05465279681901,0.0263683317999575,-5.55,8.31510614135319,0,12.587,6,10
2025-05-31 23:26:00.520,2.526253,-4.209784,5.784302,-99,288.537885884001,-78.6938253758644,35.723879513283,24.995924228232,-0.523996624642564,2.05456165200956,0.026881540580416,-5.55537885884001,8.32,0,12.587,6,10
2025-05-31 23:26:01.514,1.717793,-4.354391,6.985382,-99,289.532035923655,-78.6937338930842,35.7238297917966,24.9955320359237,-0.52151030455025,2.05464804329336,0.026022486182007,-5.56532035923655,8.32532035923655,0,12.587,6,10
2025-05-31 23:26:02.532,0.821514,-3.756046,6.912144,-99,290.549072302238,-78.6936402951627,35.7237789561994,24.9970981446045,-0.521161299353216,2.05464010183499,0.0257150265032624,-5.55901855395524,8.31901855395524,0,12.587,6,10
2025-05-31 23:26:03.543,3.212498,-4.928015,7.9324,-99,291.559906431345,-78.6935473326177,35.7237285046784,24.998,-0.517298813253678,2.05462237227546,0.0256638456831565,-5.55559906431345,8.31559906431346,0,12.587,6,10
2025-05-31 23:26:04.574,-0.905512,-14.873867,8.355675,-99,292.591136982537,-78.6934540705812,35.72367788897,25.0039113698254,-0.439639419944965,2.05631410181351,0.0166240021176931,-5.29989972768381,7.93576096135109,0,12.587,6,10
2025-05-31 23:26:05.561,1.609341,-4.275055,9.670387,-99,293.577023075885,-78.6933714958562,35.7236331726031,25.0039608384688,-0.330520851675312,2.05802548912007,0.00795532030144218,-4.73916476991588,7.11605784715037,0,12.587,6,10
2025-05-31 23:26:06.585,0.028969,-5.479492,7.414993,-99,294.59956961429,-78.6932969292662,35.7235928957952,24.9950043038571,-0.224263094964831,2.05850676546204,0.00409854653505172,-4.01631848542558,6.03848203199547,0,12.587,6,10
2025-05-31 23:26:07.601,1.688782,-4.533478,9.150177,-99,295.614589255081,-78.6932357746731,35.7235599466991,24.9873124644695,-0.114500417163127,2.05885901384685,0.000437451373685032,-3.22218270338425,4.83405521625016,0,12.587,6,10
2025-05-31 23:26:08.628,-0.775555,-4.056007,8.946598,-99,296.641154400231,-78.6931881485542,35.7235342022569,24.985,-0.00942474712416266,2.05851782723159,-0.00473903601520881,-2.35219567179892,3.51367619169491,0,12.587,6,10
2025-05-31 23:26:09.633,1.21693,-4.230385,8.787296,-99,297.646020670647,-78.6931566680646,35.7235170265065,24.9875840826826,0.0910135933949887,2.057529387272,-0.0113460951266156,-1.43274056959204,2.12911085438807,-0.00646020670646761,12.587,6,10
2025-05-31 23:26:10.655,1.148972,-5.557508,9.479984,-99,298.666903089109,-78.69314103104,35.7235083987233,24.9903338061782,0.11301582680564,2.0577364427397,-0.0116660510390531,-0.486449158019759,0.709673737029639,-0.01,12.587,6,10
2025-05-31 23:26:11.676,1.427404,-6.654846,9.683884,-99,299.686211436026,-78.6931384175903,35.7235067372423,24.990313788564,0.0465507239384552,2.05788294846108,-0.00562643617514357,0.032725545167917,-0.0656572605717478,-0.00313788563974461,12.587,6,10
2025-05-31 23:26:12.679,1.115442,-5.143288,8.398781,-99,300.686766901684,-78.6931407603007,35.7235077614737,24.9913735338034,-3.44950954495179e-05,2.05818520025265,-0.00245663388878606,0.12313233098316,-0.182529323932641,0,12.587,6,10
2025-05-31 23:26:13.709,-0.290821,-5.223333,10.197742,-99,301.715870169954,-78.6931432033274,35.7235088442832,24.9948634806798,-0.00865132894835211,2.09674968630417,-0.00297468009202472,0.0842064915023148,-0.0984129830046296,0,12.587,6,10
2025-05-31 23:26:14.716,0.210733,-5.229679,10.602917,-99,302.722358940938,-78.693144450123,35.7235093889436,24.9981670768228,-0.00139603603719721,-1.60910169739456,-0.00432318823070796,0.0555528211812497,-0.026658463543749,0,12.587,6,10
2025-05-31 23:26:15.731,0.232038,-4.136322,10.071651,-99,303.73584668087,-78.6931449943387,35.723509720754,25.0004716933617,0.00205980955417801,-2.21249260054516,-0.000995239262559188,0.0426415331912972,-0.0026415331912972,0,12.587,6,10
2025-05-31 23:26:16.739,0.014124,-7.493465,8.069748,-99,304.743503971448,-78.6931452487008,35.7235099487008,25.0017435039714,0.00100476961841066,-1.42580743166943,0.000529471866910248,0.0325649602855243,0,0,12.587,6,10
2025-05-31 23:26:17.741,0.99848,-3.969393,8.69088,-99,305.7454197569,-78.6931453,35.7235101490839,25.0012545802431,0.000660214389205368,-0.718046038271683,0.000147955143302396,0.0150916048620002,0,0,12.587,6,10
2025-05-31 23:26:18.779,1.558914,-3.331522,9.868969,-99,306.783161893337,-78.6931453,35.7235102783162,25.001,0.00113640152156909,0.236075258115099,-0.000215972410771993,0.00216838106662671,0,0,12.587,6,10
2025-05-31 23:26:19.769,0.435688,-6.649626,8.008526,-99,307.773139798534,-78.6931453,35.7235103,25.001,0.00137676987860177,0.866349425092879,-0.000625243495359587,0,-0.0077313979853399,0,12.587,6,10
2025-05-31 23:26:20.781,0.838062,-5.776535,7.921383,-99,308.784109211825,-78.6931452215891,35.7235103,25.0017841092118,0.00062386811594322,0.526609828270125,-0.00159047486076733,0,-0.0178410921182523,0,12.587,6,10
2025-05-31 23:26:21.802,-0.436504,-7.226061,8.806053,-99,309.803184073246,-78.6931452,35.7235103,25.002,0.000725279103163836,0.89590259230274,-0.00136698295078316,0,-0.02,0,12.587,6,10
2025-05-31 23:26:22.828,1.749067,-5.163622,8.177612,-99,310.828262027303,-78.6931452828262,35.7235103,25.0036565240546,0.00105309886372784,2.30780750725314,0.00050451479210696,0,-0.02,0,12.587,6,10
2025-05-31 23:26:23.830,0.652365,-5.030699,8.305988,-99,311.829868632451,-78.6931453,35.7235103,25.0031701313676,0.00150936649225874,2.31408052458818,0.000181117952408566,0.0082986863245062,-0.02,0,12.587,6,10
2025-05-31 23:26:24.843,-0.563444,-5.070505,9.822765,-99,312.841108611478,-78.6931453841109,35.7235103,25.0021588913885,0.000876338089188349,1.86144653305235,-0.00085010352486921,0.01,-0.02,0,12.587,6,10
2025-05-31 23:26:25.849,-0.279909,-4.316837,8.504311,-99,313.845464988278,-78.6931454845465,35.7235102154535,25.0011545350117,0.000349498785977247,2.15076629000535,-0.00169659121757216,0.01,-0.0115453501172165,0,12.587,6,10
2025-05-31 23:26:26.860,-0.26779,-3.702982,8.73502,-99,314.855255053195,-78.693145671051,35.7235102,25.001,-0.000668880380511178,2.1271926621961,-0.00190563882836565,0.0185525505319494,-0.00144744946805064,0,12.587,6,10
2025-05-31 23:26:27.872,-0.34321,-5.006701,9.401592,-99,315.864675401407,-78.6931457864675,35.7235102,25.001,-0.000992627571009038,2.03357219180363,-0.00152376561740246,0.0113532459859317,0.0086467540140683,0,12.587,6,10
2025-05-31 23:26:28.894,0.443438,-2.525667,7.63055,-99,316.884995743466,-78.6931458,35.7235102,25.0027699914869,-0.00103200725224652,2.13683610307584,-0.00166474422943719,0.01,0.01,0,12.587,6,10
2025-05-31 23:26:29.895,-0.048647,-5.729927,8.203953,-99,317.885217924776,-78.6931458885218,35.7235102,25.003,-0.00102897246401284,1.94126754032583,-0.00172921903378679,0.01,0.018852179247762,0,12.587,6,10
2025-05-31 23:26:30.905,0.123629,-3.773998,8.937645,-99,318.893609838148,-78.6931459,35.7235102,25.0012127803237,-0.00138538233528579,0.716769642466285,0.000612885597505357,0.01,0.02,0,12.587,6,10
2025-05-31 23:26:31.921,-0.344402,-4.267313,8.07737,-99,319.908809301833,-78.6931459,35.7235102908809,25.001,0.000799827923720844,-0.504544430037589,0.00199677258954604,0.01,0.02,0,12.587,6,10
2025-05-31 23:26:34.763,1.238932,-4.267313,8.07737,-99,322.747343641025,-78.6931831961061,35.723552536012,25.0059893745641,-0.447154064944489,-0.68473342259551,0.0226345359454148,4.24237322717889,-3.07870140666622,0,12.587,6,10
2025-05-31 23:26:35.801,1.238932,-4.772449,8.804279,-99,323.784929353222,-78.6932264142856,35.7236013453688,25.0015054945274,-0.573871333690358,-0.752169753911698,0.049186192320659,6.28416011937936,-4.55459968157509,0.00784929353221897,12.587,6,10
2025-05-31 23:26:36.813,0.202074,-5.132187,7.473324,-99,324.795942662318,-78.6932836381827,35.7236654893756,25.0031837706493,-0.561263371249267,-0.678800127798051,0.0110265945046031,7.56961807530344,-5.56838896946302,0.00204057337682001,12.587,6,10
2025-05-31 23:26:37.824,0.382278,-4.710907,7.580986,-99,325.806509737924,-78.6933483844349,35.7237372493521,25.0015804707862,-0.552733954879417,-0.729682577799215,0.0329712083323271,8.07227840827324,-5.91130194758471,0,12.587,6,10
2025-05-31 23:26:38.836,0.16304,-3.780842,9.744244,-99,326.817204225873,-78.693415344081,35.7238118365536,25.001,-0.549397483008998,-0.708267686530939,0.0181201997214836,8.27892471839837,-6.05623654936346,0,12.587,6,10
2025-05-31 23:26:39.844,1.212009,-5.53381,7.204075,-99,327.824353407363,-78.6934832262904,35.7238870616349,25.0018243534074,-0.538048279704663,-0.706922436735219,0.0204030360627291,8.27702586370549,-6.07175646592637,0,12.587,6,10
2025-05-31 23:26:40.866,-0.604599,-5.417419,8.631771,-99,328.845628003157,-78.693551418825,35.7239627764722,25.002,-0.531181231848614,-0.717932421928431,0.0229587738681995,8.2446311599053,-6.01080603977903,0,12.587,6,10
2025-05-31 23:26:45.585,2.113724,-5.417419,8.631771,-99,333.56126562756,-78.6938605628986,35.7243071162642,24.995,-0.526949623196553,-0.711106576958003,0.0194781646154275,8.12,-5.92,0,12.587,6,10
2025-05-31 23:27:05.338,2.113724,-5.378553,8.631771,-99,353.29967184441,-78.6951469786699,35.7257403662744,24.997,-0.526365375654806,-0.711303110499277,0.0181165177385908,8.0859934368882,-5.9029967184441,0,12.587,6,10
2025-05-31 23:27:06.380,2.113724,-5.378553,3.629391,-99,354.339726990825,-78.6952147181452,35.7258157660976,24.997,-0.52657239146559,-0.711314333561402,0.0181976083927729,8.09660273009175,-5.91,0,12.587,6,10
2025-05-31 23:27:21.111,6.665192,-1.226513,2.040176,-99,369.061490329352,-78.6961739845733,35.7268846396018,24.9964304323055,-0.519597766934332,-0.711259863011763,0.0173656537753456,8.0827827077815,-5.89770193412964,-0.000614903293518019,12.587,6,10
2025-05-31 23:27:47.880,17.574306,0.230867,2.040176,-99,395.811710968851,-78.6962753811711,35.727123,9.48339135944988,-0.000720507948398113,1.89890400674269,-0.00100585305171099,0.01,0,0.510585548442552,12.587,6,10
2025-05-31 23:27:48.100,17.574306,0.230867,0.3342,-99,396.031347733727,-78.6962754,35.7271230031348,9.37404400353316,-0.000841499436726879,1.89891279712218,-0.00094155677132166,0.01,0.000313477337266092,0.519686522662734,12.587,6,10
2025-05-31 23:27:49.109,20.694965,1.913519,-0.633749,-99,397.039048859518,-78.6962754,35.7271231,8.86135842366224,-0.000636214004665063,1.89904772605956,-0.00116551581752381,0.01,0.01,0.509609511404816,12.587,6,10
2025-05-31 23:27:50.117,18.633862,-0.539761,1.329422,-99,398.046519158446,-78.6962754,35.7271231,8.35460086330187,-0.000305943286590769,1.89910475161682,-0.000828330369857715,0.01,0.01,0.5,12.587,6,10
2025-05-31 23:27:51.113,20.543106,0.30722,0.825098,-99,399.041875887921,-78.6962754041876,35.7271231,7.85402018015173,-7.87050571975392e-05,1.89925641250067,-0.000233776205498255,0.0095812411207931,0.01,0.5,12.587,6,10
2025-05-31 23:27:52.119,20.507172,-0.333555,0.998821,-99,400.046998297424,-78.6962755,35.7271231,7.35045385299061,-0.00185704385706338,1.89928883123702,-0.00167878596546704,0,0.0104699829742392,0.5,12.587,6,10
2025-05-31 23:27:53.131,19.898571,1.035597,1.487597,-99,401.058333749863,-78.6962755,35.7271231,6.843716457569,-0.000600641261245487,1.89910622848923,-0.000763278065340508,0.000583337498625472,0.0194166625013745,0.5,12.587,6,10
2025-05-31 23:27:54.115,20.178169,1.40328,0.223667,-99,402.042455520956,-78.6962755,35.7271231,6.34968732848007,-0.000368334765527736,1.8994223905973,-0.000884387281322463,0.01,0.01,0.5,12.587,6,10
2025-05-31 23:27:55.117,18.854561,0.549889,-0.435844,-99,403.042988016915,-78.6962755,35.7271231,5.84746300352537,-0.000238457197198309,1.89951688685613,-0.000951390879998172,0.00957011983084567,0.01,0.499570119830846,12.587,6,10
2025-05-31 23:27:56.123,20.964581,0.671795,-0.743097,-99,404.048532837447,-78.6962755,35.7271231,5.34363651560141,3.54509153543483e-05,1.89912820955097,-0.000909286933953145,0.00048532837447381,0.01,0.49,12.587,6,10
2025-05-31 23:27:57.126,18.651176,0.729385,-0.646873,-99,405.051187548731,-78.6962755,35.7271231,4.84040622563426,-0.000468443597996853,1.89939160140962,-0.00120515345207612,0.01,0.01,0.49,12.587,6,10
2025-05-31 23:27:58.115,19.899944,1.680573,0.935204,-99,406.039736542049,-78.6962755,35.7271231,4.34609199243323,-0.000395852180377144,1.89944518816783,-0.00136023447687021,0.01,0.01,0.49,12.587,6,10
2025-05-31 23:27:59.127,22.677982,1.376345,0.320837,-99,407.051731907321,-78.6962755,35.7271231,3.8391340463394,-0.000608941550868454,1.89908463844191,-0.000983336603010097,0.01,0.01,0.49,12.587,6,10
2025-05-31 23:28:00.119,21.940903,1.416811,-0.085592,-99,408.042138548317,-78.6962755,35.7271231,3.34388858729327,-0.00149455489543839,1.89964926286671,-0.00124850140334161,0.01,0.01,0.49,12.587,6,10
2025-05-31 23:28:01.120,20.174507,1.436522,-1.410398,-99,409.042471671232,-78.6962755,35.7271231,2.84272169271255,-0.000931856710904418,1.8995721751832,-0.000559735115378312,0.00957528328767562,0.01,0.49,12.587,6,10
2025-05-31 23:28:02.120,17.751938,0.292543,0.075514,-99,410.041524189542,-78.6962755,35.7271231,2.34223790522893,-0.000956396049374516,1.8991895419675,-0.000609545342300099,0,0.01,0.49,12.587,6,10
2025-05-31 23:28:03.125,20.036297,0.458961,0.19087,-99,411.046672694665,-78.6962755,35.7271231,1.83971032536205,-0.00083294793391632,1.89946166835904,-0.000848682278817458,0,0.01,0.49,12.587,6,10
2025-05-31 23:28:04.123,19.519367,0.641743,0.402626,-99,412.044001938323,-78.6962755,35.7271231,1.34199903083832,-0.000208234886573576,1.89959704661674,-0.000723078178150374,0,0.01,0.49,12.587,6,10
2025-05-31 23:28:05.127,20.73497,-0.088963,0.125414,-99,413.046497011313,-78.6962755,35.7271231,0.840658500320754,-0.000344252963792396,1.89972139902875,-0.000653219858072604,0,0.01,0.49,12.587,6,10
2025-05-31 23:28:06.144,19.130619,-0.746685,0.644802,-99,414.062894678196,-78.6962755,35.7271231,0.342125281689934,-0.000441249335376886,1.89981697234246,-0.000946277305468039,0.000628946781964115,0.0106289467819641,0.457294767337866,12.587,6,10
2025-05-31 23:28:07.155,20.822784,1.662769,-0.602474,-99,415.073371333879,-78.6962754926629,35.7271231,0.0443124593207822,-0.000788760196044289,1.8996297942894,-0.000993309905419845,0.01,0.0192662866612097,-0.0270651466448387,12.587,6,10
