time,dl_lw1,dl_lw2,dl_lw3,dl_lw4,num,Longitude,Latitude,Altitude,Pitch,Yaw,Roll,VelocityX,VelocityY,VelocityZ,BatteryVolts,GPSFix,NumberOfSatellites
2025-05-31 23:22:01.160,6.33,0,0,0,49.3947052681803,-78.696275,35.7271225,24.9636040949227,0.00399114729954666,0.00423740330291016,0.00412828879000953,-0.0139470526818031,0.02,-0.167906103455089,12.587,6,10
2025-05-31 23:22:02.153,13.5,0,0,0,50.3851071223159,-78.696275,35.7271225,24.9732914649636,0.00381495826602434,0.00439337197081127,0.00391202848615587,-0.02,0.02,0.0191914302147243,12.587,6,10
2025-05-31 23:22:03.170,19.82,0,0,0,51.4005004846136,-78.696275,35.7271225,24.9538010009692,0.00370277572060956,0.00422047728048204,0.00386459106865167,-0.02,0.02,-0.0340050048461365,12.587,6,10
2025-05-31 23:22:04.163,26.15,0,0,0,52.3922925701127,-78.696275,35.7271225392293,24.9577460479908,0.00369559354607017,0.0172548354276304,0.00402745789816264,-0.02,0.02,-0.0360770742988727,12.587,6,10
2025-05-31 23:22:05.161,32.48,0,0,0,53.3893580145657,-78.6962749610642,35.7271227168074,24.9627787160291,-0.0766151996040115,0.182032453577806,-0.0114364560612872,0.112381724952326,0.0511486411652532,-0.0222128397086867,12.587,6,10
2025-05-31 23:22:06.164,38.81,0,0,0,54.3911565407603,-78.6962734527208,35.7271284153072,24.964,-0.253331485880272,0.333471921664782,-0.0191717215762578,1.28615665567789,0.307312966602948,-0.0178231308152056,12.587,6,10
2025-05-31 23:22:07.171,45.14,0,0,0,55.3972644471013,-78.6962673465349,35.7271509042557,24.9675753800239,-0.377536825467807,0.224871724364061,-0.000753117290889989,3.711653517275,0.836577512492672,-0.0260273555289871,12.587,6,10
2025-05-31 23:22:08.177,50.6,0,0,0,56.4022993906145,-78.6962552643595,35.7271947701455,24.9725977006094,-0.492946343948175,0.268211745061801,-0.0259758941595217,6.0755185374748,1.33505771968267,-0.015977006093855,12.587,6,10
2025-05-31 23:22:09.162,56.92,0,0,0,57.3871276033154,-78.69623856715,35.7272565893257,24.9789682968597,-0.485488091272583,0.279391748482094,-0.0282181158547344,7.68807869752508,1.65258403636469,-0.0138712760331538,12.587,6,10
2025-05-31 23:22:10.168,63.25,0,0,0,58.3923963768869,-78.696219540667,35.7273282107878,24.9896076036231,-0.322450675015302,0.24618458472427,-0.00156161885228689,7.6678547897971,1.65329261592923,-0.0121520724622624,12.587,6,10
2025-05-31 23:22:11.158,69.58,0,0,0,59.3810430643151,-78.696202203311,35.7273935150011,24.9893810430643,-0.215994139296757,0.271077976162446,-0.000926772440577852,6.7427483228219,1.45473923392123,0,12.587,6,10
2025-05-31 23:22:12.165,77.35,0,0,0,60.387440469288,-78.696187302018,35.7274494971425,24.9907748809386,-0.0984218728263801,0.260931427851015,0.0070228879798558,5.42658810545382,1.19151666859937,0,12.587,6,10
2025-05-31 23:22:13.188,85.12,0,0,0,61.4109308807525,-78.6961756194359,35.7274927483707,24.9924109308808,0.0186905820991281,0.260104958981465,0.00719976764550368,3.83785473795089,0.867955574121584,0,12.587,6,10
2025-05-31 23:22:14.205,92.89,0,0,0,62.42620023206,-78.6961681116189,35.7275201011241,24.9955572013924,0.111322972807702,0.266080346326237,0.00806869775130939,2.07152957068903,0.470995902534808,0,12.587,6,10
2025-05-31 23:22:15.207,100.66,0,0,0,63.4261446154737,-78.6961649590843,35.7275315636628,24.999,0.112564081430684,0.261949173129801,0.00707127037942148,0.541240922978954,0.127725292286317,0,12.587,6,10
2025-05-31 23:22:16.220,108.43,0,0,0,64.4373423590227,-78.6961647624054,35.7275323941126,24.998125315282,0.0326103908227855,0.262962363590945,0.00385836672860039,-0.164348201033857,-0.0274936943609076,0,12.587,6,10
2025-05-31 23:22:17.244,116.2,0,0,0,65.4596110370847,-78.6961654217277,35.7275300888557,24.997,-0.00446866633111448,0.262907393712418,0.00306152127079177,-0.209442785920679,-0.036211668887458,0,12.587,6,10
2025-05-31 23:22:18.257,123.97,0,0,0,66.4710158901766,-78.696166035508,35.7275283818825,24.9979420317804,-0.00762528230375229,0.426124551034149,0.0033816001253722,-0.107608569884105,-0.0105796821964679,0,12.587,6,10
2025-05-31 23:22:19.263,131.74,0,0,0,67.475756655633,-78.6961663951513,35.7275275621217,24.9999515133113,-0.00451302133506805,1.30413200536591,0.00192640331342664,-0.0504848668873394,0.0095151331126606,0,12.587,6,10
2025-05-31 23:22:20.286,139.51,0,0,0,68.4982874230789,-78.6961665498287,35.7275272003425,25.0019965748462,-0.00353784221408268,2.12565720679592,0.000925100742612667,-0.04,0.0249828742307895,0,12.587,6,10
2025-05-31 23:22:21.277,147.28,0,0,0,69.4873875771153,-78.6961666487388,35.7275270512612,25.0025126124229,-0.0031176114496605,1.88386918157375,0.00257326407116439,-0.04,0.03,0,12.587,6,10
2025-05-31 23:22:22.303,155.05,0,0,0,70.5126505933791,-78.6961666487349,35.7275268974699,25.0009746988132,-0.00213407067864108,2.15551098665716,0.00218030475216422,-0.0348734940662087,0.0248734940662087,0,12.587,6,10
2025-05-31 23:22:23.324,162.82,0,0,0,71.5328319279798,-78.6961664934336,35.7275267467168,24.999467168072,-0.00225454822301351,0.0214533438300013,0.00097451320023747,-0.03,0.0146716807202017,0,12.587,6,10
2025-05-31 23:22:24.340,170.59,0,0,0,72.5477690338523,-78.6961663452231,35.7275267,24.999,-0.00200025274296893,-2.73915783691087,0.00158261688650775,-0.0245223096614771,0.00452230966147715,0,12.587,6,10
2025-05-31 23:22:25.362,178.36,0,0,0,73.5682498006846,-78.6961663,35.727526643175,25.0001364996014,-0.00131053644431916,0.439824281012439,0.00153587717113845,-0.0143175019931544,0,0,12.587,6,10
2025-05-31 23:22:26.355,186.13,0,0,0,74.5603775300297,-78.6961663,35.7275265439622,25.001,-0.000469314579559173,-0.0972684951378473,0.00153653968804624,-0.01,0,0,12.587,6,10
2025-05-31 23:22:27.377,193.9,0,0,0,75.581227285309,-78.6961663,35.7275263837545,25.001,-0.00102248924742239,-1.90282091072779,0.00176454782885306,-0.00418772714691002,0,0,12.587,6,10
2025-05-31 23:22:28.370,201.67,0,0,0,76.5738027741015,-78.6961663,35.7275263,25.001,-0.00214021725679486,-1.01331512453573,0.000809526365225111,0,-0.0057380277410145,0,12.587,6,10
2025-05-31 23:22:29.394,209.44,0,0,0,77.5978595686755,-78.6961663,35.7275263,25.001,-0.00140655388515281,-0.16393688724882,-0.00035716059488037,0,-0.01,0,12.587,6,10
2025-05-31 23:22:30.416,217.21,0,0,0,78.6177185095876,-78.6961663,35.7275263,25.001,-0.000525432125513526,0.406716484593911,-0.000235940935015544,0,-0.01,0,12.587,6,10
2025-05-31 23:22:31.430,224.98,0,0,0,79.6307898275743,-78.6961663,35.7275263,25.001,-0.000488663821722497,0.179390024880085,-7.31110666440547e-05,0,-0.01,0,12.587,6,10
2025-05-31 23:22:32.472,232.75,0,0,0,80.6714412874493,-78.6961663,35.7275263,25.001,-0.000509086178910649,0.109695886860121,9.66015971014553e-05,0,-0.01,0,12.587,6,10
2025-05-31 23:22:33.454,240.52,0,0,0,81.6511025290642,-78.6961663651103,35.7275264302205,25.001,0.000137914263586466,0.221838189589146,0.00148544233326159,0,-0.00348897470935772,0,12.587,6,10
2025-05-31 23:22:34.481,248.29,0,0,0,82.6767474038073,-78.6961664676747,35.7275265676747,25.001,0.00165917874808858,0.147833235251367,0.00224450771521242,-0.00676747403807254,0,0,12.587,6,10
2025-05-31 23:22:35.477,256.06,0,0,0,83.6715195296195,-78.6961665671519,35.7275266671519,25.001,0.00248817621104669,-0.0423336464750289,0.00187356340667623,-0.0167151952961948,0.00671519529619482,0,12.587,6,10
2025-05-31 23:22:36.506,263.83,0,0,0,84.699882728028,-78.6961666,35.7275267,25.001,-0.0620781204177781,-0.736552205352533,0.0333068426228202,0.0289917909619602,-0.0179953091211201,0,12.587,6,10
2025-05-31 23:22:37.532,271.6,0,0,0,85.7251522948824,-78.6961715310356,35.7275334439163,25.001,-0.256746778105994,-0.744807088942419,0.0414107671957158,1.54381372745783,-0.892931230910104,0,12.587,6,10
2025-05-31 23:22:38.533,279.37,0,0,0,86.7252242579088,-78.6961881945749,35.7275561612344,25.0017252242579,-0.396823418148288,-0.529231329570399,0.00584137680967061,3.60396197129219,-2.0902691094906,0,12.587,6,10
2025-05-31 23:22:39.547,287.14,0,0,0,87.7375183047549,-78.6962186543669,35.7275984633603,24.9946248169525,-0.505224557324495,-0.692591723245596,0.0851081434459075,5.76303953827068,-3.26814605046819,0,12.587,6,10
2025-05-31 23:22:40.556,294.91,0,0,0,88.7461252990625,-78.6962623440515,35.7276601934948,24.9845387470094,-0.547995343116272,-0.628260771037059,0.0412784838470983,7.63571927335934,-4.3534315640156,-0.0223837589718744,12.587,6,10
2025-05-31 23:22:41.593,302.68,0,0,0,89.7822343928802,-78.6963165188807,35.7277362151435,24.9827822343929,-0.544773226055714,-0.630995928177502,0.0410270374747459,8.46329485251128,-4.87031500572165,-0.0143553121423967,12.587,6,10
2025-05-31 23:22:42.607,309.85,0,0,0,90.7955414751381,-78.6963729298768,35.7278156273307,24.9822044585249,-0.5405130181398,-0.657877409186596,0.0431691263862692,8.76092995403315,-5.03546497701657,-0.01,12.587,6,10
2025-05-31 23:22:43.631,317.02,0,0,0,91.8192693326726,-78.696431098352,35.7278970138389,24.9885541546614,-0.537283940440145,-0.624701358252733,0.0279961375419459,8.81819269332673,-5.13373423994054,-0.01,12.587,6,10
2025-05-31 23:22:44.636,324.18,0,0,0,92.8233951580574,-78.6964884158635,35.7279767775755,24.9932935806322,-0.530000983938377,-0.647427451885784,0.0394618310648629,8.79529814525828,-5.12529814525828,-0.00176604841942572,12.587,6,10
2025-05-31 23:22:45.655,330.51,0,0,0,93.8416499940568,-78.6965461373897,35.7280572061845,24.9948416499941,-0.524058208783521,-0.638111954348433,0.033960241291428,8.74791750029716,-5.0947505001783,0,12.587,6,10
2025-05-31 23:22:46.681,335.97,0,0,0,94.8666807179753,-78.6966040674606,35.7281378211044,24.993266638564,-0.519588364061538,-0.636568605590681,0.0350562446785966,8.67066554256198,-5.05533277128099,0,12.587,6,10
2025-05-31 23:22:47.733,340.62,0,0,0,95.9170056339154,-78.6966626772138,35.7282195513378,24.9911659887322,-0.520777985396566,-0.642689898249181,0.0376428776180594,8.66,-5.03165988732169,0,12.587,6,10
2025-05-31 23:22:48.734,345.27,0,0,0,96.917027015413,-78.6967183784048,35.7282973447018,24.9919170270154,-0.522247069654744,-0.635672115183149,0.0351685986039533,8.64165945969174,-5.02082972984587,0,12.587,6,10
2025-05-31 23:22:49.742,349.09,0,0,0,97.9254220581884,-78.6967744534664,35.7283755202095,24.9901491558836,-0.523942477402411,-0.641111874639467,0.0383678642256841,8.65850844116377,-5.02925422058189,0,12.587,6,10
2025-05-31 23:22:50.774,352.91,0,0,0,98.9562868835666,-78.6968321520655,35.7284560816343,24.9890437131164,-0.517050673553801,-0.638348728727955,0.0361488322426783,8.65043713116433,-5.01087426232867,-0.00956286883566602,12.587,6,10
2025-05-31 23:22:51.805,356.29,0,0,0,99.9864662134762,-78.6968892502282,35.7285359511315,24.9899864662135,-0.522028234209345,-0.637989310293766,0.0371736311761593,8.64013533786524,-5.01,-0.000135337865237474,12.587,6,10
2025-05-31 23:22:52.816,360.11,0,0,0,100.997394640918,-78.6969457543604,35.728614796782,24.9919947892818,-0.515523151752686,-0.640002230255858,0.0372157262244146,8.62005210718163,-5.00002605359082,0,12.587,6,10
2025-05-31 23:22:53.826,363.93,0,0,0,102.00562076657,-78.6970014136388,35.7286925372956,24.9899943792334,-0.525344390086394,-0.638025384225353,0.0377652687995707,8.6400562076657,-5.01,-5.62076656986717e-05,12.587,6,10
2025-05-31 23:22:54.846,366.6,0,0,0,103.025168102212,-78.6970582993465,35.7287718555615,24.9890755043066,-0.519279529252652,-0.639190758479658,0.0382860373878937,8.64974831897788,-5.01,-0.00974831897788268,12.587,6,10
2025-05-31 23:22:55.854,369.28,0,0,0,104.032280958128,-78.6971143045056,35.7288501211428,24.9920322809581,-0.521674981942732,-0.638704096900818,0.0376552437045119,8.63967719041873,-5.00967719041872,0,12.587,6,10
2025-05-31 23:22:56.876,371.95,0,0,0,105.052582805423,-78.6971713183457,35.7289297751674,24.9929474171946,-0.513721374527644,-0.638418662124736,0.037139861715291,8.62894834389155,-4.99947417194577,0,12.587,6,10
2025-05-31 23:22:57.883,374.63,0,0,0,106.0587438693,-78.6972271661591,35.7290077585243,24.992,-0.518978896610566,-0.638534923293445,0.0381309335349969,8.610587438693,-4.99,0,12.587,6,10
2025-05-31 23:22:58.894,377.3,0,0,0,107.069306326948,-78.6972833326399,35.7290861573791,24.992,-0.517600080133546,-0.638537473355365,0.0385039635614796,8.62138612653895,-4.99138612653895,0,12.587,6,10
2025-05-31 23:22:59.906,379.97,0,0,0,108.080062543717,-78.6973392674899,35.7291643368722,24.9920800625437,-0.52338213544391,-0.638889223968709,0.0386864262565892,8.64160125087434,-5.01080062543717,0,12.587,6,10
2025-05-31 23:23:00.932,382.05,0,0,0,109.104804907769,-78.6973964376334,35.7292441538218,24.993,-0.51632801171475,-0.63845301914158,0.0379779297240804,8.65685585276692,-5.01790390184461,0,12.587,6,10
2025-05-31 23:23:01.943,384.12,0,0,0,110.115037123892,-78.6974526960641,35.7293227383845,24.993,-0.518052132517224,-0.638389651901603,0.038253508203051,8.63,-5,0,12.587,6,10
2025-05-31 23:23:02.950,386.19,0,0,0,111.120317455561,-78.6975085896505,35.7294008486663,24.993,-0.516777848013732,-0.638338323719331,0.0384021456349222,8.62879682544439,-4.99879682544439,0,12.587,6,10
2025-05-31 23:23:03.966,388.26,0,0,0,112.135764737639,-78.6975650485194,35.7294797353436,24.9928642352624,-0.5186363895873,-0.638196937247851,0.0387512618250159,8.62135764737639,-4.99135764737639,0,12.587,6,10
2025-05-31 23:23:04.985,390.33,0,0,0,113.154019469626,-78.6976216326786,35.729558721107,24.9921540194696,-0.518733825802224,-0.638733012077268,0.0393525199857792,8.63154019469626,-5,0,12.587,6,10
2025-05-31 23:23:06.008,391.99,0,0,0,114.176980376164,-78.697678357807,35.7296379690733,24.9933539607523,-0.521367924285234,-0.638344653855543,0.0389892064276371,8.64176980376164,-5.00176980376164,0,12.587,6,10
2025-05-31 23:23:07.025,394.06,0,0,0,115.193392692686,-78.697734971973,35.7297170652908,24.995,-0.518094628198337,-0.638923934755544,0.0393459642046615,8.64419821921941,-5.00806607307313,0,12.587,6,10
2025-05-31 23:23:08.054,396.13,0,0,0,116.221006081039,-78.6977921879381,35.7297970279713,24.995,-0.518502242259613,-0.6382236350632,0.0385903996580517,8.62221006081039,-5,0,12.587,6,10
2025-05-31 23:23:09.076,397.36,0,0,0,117.242941196463,-78.6978489832364,35.7298762522368,24.995,-0.519793823038731,-0.638659263364236,0.0394307858932732,8.63,-5,0,12.587,6,10
2025-05-31 23:23:10.098,399.01,0,0,0,118.263947966219,-78.6979053587694,35.7299550864402,24.997375531696,-0.490816027935288,-0.63776610024837,0.035750287056786,8.50066549655259,-4.92345508979643,-0.00263947966219197,12.587,6,10
2025-05-31 23:23:11.099,400.67,0,0,0,119.263789903155,-78.6979584839792,35.7300293542613,25.0037362100968,-0.376225899988517,-0.634064087087699,0.0214275983811172,7.8709342987814,-4.55700185616982,-0.0073621009684451,12.587,6,10
2025-05-31 23:23:12.112,401.9,0,0,0,120.276108846799,-78.6980066794042,35.7300966180328,25.000238911532,-0.270833377347194,-0.632137938173547,0.0116862741789252,6.79971373771278,-3.95052924958044,0,12.587,6,10
2025-05-31 23:23:13.135,403.13,0,0,0,121.29805535228,-78.6980476425207,35.7301538258791,24.9912116678863,-0.160536159215922,-0.631277256006843,0.00418152630280485,5.58146970260446,-3.26241959283563,0,12.587,6,10
2025-05-31 23:23:14.150,404.36,0,0,0,122.31250892496,-78.6980801564829,35.730199144074,24.987,-0.0546314902174252,-0.630991152447732,-0.001148556559396,4.27436312980262,-2.50936812778047,0,12.587,6,10
2025-05-31 23:23:15.159,405.59,0,0,0,123.320821981334,-78.6981036823025,35.7302318318098,24.987962465944,0.0413456536221531,-0.631426414899719,-0.00634755073953643,2.90443278650513,-1.70730131586574,0,12.587,6,10
2025-05-31 23:23:16.168,405.59,1.23,0,0,124.329311632999,-78.6981179698372,35.7302516577721,24.991975869798,0.113300770455846,-0.631768761220851,-0.0110776736218571,1.44273943417183,-0.836912646631076,0,12.587,6,10
2025-05-31 23:23:17.189,406.83,1.23,0,0,125.348518875627,-78.6981230697038,35.7302587697038,24.9956514811244,0.0921948102008237,-0.631561271342045,-0.00780184110736145,0.210433108354947,-0.111048016017985,0,12.587,6,10
2025-05-31 23:23:18.200,407.67,1.23,0,0,126.357618809465,-78.698122592048,35.7302580417149,24.9946423811905,0.0180930772967341,-0.631717057025339,0.000244889087882805,-0.203576188094646,0.137152376189292,0,12.587,6,10
2025-05-31 23:23:19.234,407.67,2.07,0,0,127.390430162879,-78.6981211095698,35.7302557581827,24.9955617206515,-0.00551337963377832,-0.621294406880035,0.00511041392354718,-0.167052682083295,0.130478491856043,0,12.587,6,10
2025-05-31 23:23:20.238,407.67,3.3,0,0,128.393756106918,-78.6981203031219,35.7302542456195,24.9987875122138,-0.00633714816898387,-0.200944837507621,0.00473710701932546,-0.0724370725157211,0.0921248778616346,0,12.587,6,10
2025-05-31 23:23:21.270,408.9,3.3,0,0,129.425481117711,-78.6981198298076,35.7302535723557,25.0004254811177,-0.00486850215534192,0.885402738870245,0.000573183910777379,-0.021490377645785,0.08,0,12.587,6,10
2025-05-31 23:23:22.257,408.9,4.54,0,0,130.411959179675,-78.6981194764122,35.7302533588041,25.001,-0.00211770437569014,1.2274492275748,0.000495014539441008,-0.01,0.0717608164065079,0,12.587,6,10
2025-05-31 23:23:23.274,408.9,5.77,0,0,131.427853724028,-78.6981191716439,35.7302533,25.001,-7.50892420708309e-05,0.789813227716475,0.00235489608527592,-0.0142785372402813,0.0557214627597187,0,12.587,6,10
2025-05-31 23:23:24.292,408.9,7,0,0,132.444368309549,-78.6981189111263,35.7302532555632,25.001,0.00056030007535992,1.00291131342357,0.00214906452919502,-0.02,0.0411126338090211,0,12.587,6,10
2025-05-31 23:23:25.305,408.9,8.23,0,0,133.455913551047,-78.6981187088173,35.7302532,25.001,-0.000553186107093607,1.893193297885,0.0017274765426774,-0.02,0.0254408644895285,0,12.587,6,10
2025-05-31 23:23:26.326,408.9,8.76,0,0,134.476219087913,-78.6981185523781,35.7302532,25.001,-0.00171589287339877,2.67772658214009,0.0013376153492697,-0.0247621908791349,0.0152378091208651,0,12.587,6,10
2025-05-31 23:23:27.325,410.13,8.76,0,0,135.474610600616,-78.6981184525389,35.7302531525389,25.0014746106006,-0.0010588878726993,2.5341675083161,0.00174587216140945,-0.0252538939938368,0.00525389399383676,0,12.587,6,10
2025-05-31 23:23:28.346,410.13,10.84,0,0,136.495115317657,-78.6981183504885,35.7302530504885,25.0029902306353,-0.000892935576274609,-0.287959648881511,0.00173827393341952,-0.02,0,0,12.587,6,10
2025-05-31 23:23:29.356,410.13,12.07,0,0,137.503310095142,-78.6981183,35.730252949669,25.004,-0.00153395951129515,-2.26395350651748,0.000952809679576964,-0.0149668990485847,-0.0050331009514153,0,12.587,6,10
2025-05-31 23:23:30.374,410.13,12.91,0,0,138.519957655583,-78.6981182480042,35.7302528480042,25.004,-0.00092427033543064,-2.04209412974279,0.00132663260915766,-0.00480042344417265,-0.01,0,12.587,6,10
2025-05-31 23:23:31.392,411.36,12.91,0,0,139.537786150825,-78.6981182,35.7302528,25.004,-0.000279153121690175,-2.44793409126064,0.00182172175483241,0,-0.01,0,12.587,6,10
2025-05-31 23:23:32.389,411.36,14.14,0,0,140.53418996055,-78.6981182,35.7302528,25.004,-0.000628519214048902,-2.15971726955832,0.00146175708327757,0,-0.01,0,12.587,6,10
2025-05-31 23:23:33.394,412.2,14.14,0,0,141.538670613052,-78.6981182,35.7302527461329,25.0029226587739,-0.00133386027351502,-1.19505232228024,0.000987821666266321,0,-0.01,0,12.587,6,10
2025-05-31 23:23:34.405,413.43,14.14,0,0,142.548120807716,-78.6981182548121,35.7302527,25.002,-0.00172309698959373,-0.533166067832956,0.000986976921633148,0.00548120807715541,-0.00451879192284459,0,12.587,6,10
2025-05-31 23:23:35.408,413.43,15.37,0,0,143.549851627307,-78.6981183,35.7302526450148,25.0030997032546,-0.00110006823436397,-0.780309521635439,0.00155071849410534,0.01,0,0,12.587,6,10
2025-05-31 23:23:36.439,413.43,16.21,0,0,144.579512311977,-78.6981183579512,35.7302526,25.004,-0.000426098868555058,-0.886348667473369,0.00173918836449365,0.01,0,0,12.587,6,10
2025-05-31 23:23:37.443,414.67,16.21,0,0,145.581433787202,-78.6981184581434,35.7302526,25.004,0.000278918425932153,-0.753511782786697,0.0020513059547891,0.01,0,0,12.587,6,10
2025-05-31 23:23:38.484,415.51,16.21,0,0,146.620195848694,-78.6981185620196,35.7302526620196,25.0027596083026,0.00118804596982328,-0.826521820240404,0.00214015799690207,0.01,0.0124039169738861,0,12.587,6,10
2025-05-31 23:23:39.515,415.51,17.86,0,0,147.649864752912,-78.6981186649865,35.7302527,25.002,0.00144679671116889,-0.804216229709891,0.00183968943985164,0.00350135247087946,0.02,0,12.587,6,10
2025-05-31 23:23:40.505,416.74,17.86,0,0,148.637459081836,-78.6981187,35.7302527637459,25.0026374590818,0.00161979514706537,-0.812291371937283,0.00207366118725099,0,0.0263745908183632,0,12.587,6,10
2025-05-31 23:23:41.541,417.97,17.86,0,0,149.672793073801,-78.6981187672793,35.7302528,25.0036727930738,0.00211374533640037,-1.56764567594752,0.000125160373187518,0,0.03,0,12.587,6,10
2025-05-31 23:23:42.562,417.97,19.1,0,0,150.692684467057,-78.6981188,35.7302528,25.0033073155329,0.000827055568697306,-2.72587315880867,-0.00156127215394826,0,0.03,0,12.587,6,10
2025-05-31 23:23:43.573,419.2,19.1,0,0,151.702145817363,-78.6981188,35.7302528,25.0022978541826,0.00124083927748022,-2.65420888858355,-0.00154623021231568,0,0.03,0,12.587,6,10
2025-05-31 23:23:44.581,420.43,19.1,0,0,152.708722507983,-78.698120217445,35.7302507447047,24.999873832476,-0.205850690765213,-2.35418254781423,-0.0642681106054949,-0.829205334340498,-0.451931305428665,0,12.587,6,10
2025-05-31 23:23:45.581,420.43,19.94,0,0,153.708359092929,-78.6981307878632,35.7302358036541,25.0018334363717,-0.350215272053876,-2.56356556538655,-0.00826456333007829,-2.65755409515154,-1.54253245709092,0,12.587,6,10
2025-05-31 23:23:46.598,421.67,19.94,0,0,154.724681358511,-78.6981550461418,35.7302018098951,25.0008259559245,-0.452574288084921,-2.50161766269301,-0.0423642703119445,-4.75559678494711,-2.77961763021294,0,12.587,6,10
2025-05-31 23:23:47.623,423.32,19.94,0,0,155.748394923311,-78.6981933093524,35.7301482169709,24.9917676558436,-0.581272513502022,-2.47613901187371,-0.0499887619504419,-6.89162933895322,-4.04549365413882,0,12.587,6,10
2025-05-31 23:23:48.638,424.55,19.94,0,0,156.763397489339,-78.6982437547079,35.730078453682,24.9897633974893,-0.562324181346987,-2.52483918307572,-0.0233541180846291,-8.12995966508526,-4.84094041828356,-0.00763397489338987,12.587,6,10
2025-05-31 23:23:49.646,424.55,21.59,0,0,157.771128192879,-78.6982998458557,35.7300014604522,24.9861443590356,-0.546181978989057,-2.48154403849947,-0.0380449760333838,-8.61989486750747,-5.11338051086056,-0.01,12.587,6,10
2025-05-31 23:23:50.653,424.55,22.82,0,0,158.776973191905,-78.6983580198398,35.7299216975393,24.9857769731919,-0.535227902517643,-2.50636971146004,-0.0242515505579508,-8.76992758727143,-5.21215785535238,-0.01,12.587,6,10
2025-05-31 23:23:51.659,425.78,22.82,0,0,159.782091278796,-78.698416283085,35.729842114789,24.9922567302304,-0.53280093295445,-2.50095628676544,-0.0305320623202263,-8.76653726163611,-5.19871634884815,-0.00217908721203784,12.587,6,10
2025-05-31 23:23:52.670,425.78,24.05,0,0,160.791707120226,-78.6984744231594,35.7297624343082,24.9947917071202,-0.523217952997734,-2.49588569531917,-0.030561725692039,-8.73624878639322,-5.1504146439887,0,12.587,6,10
2025-05-31 23:23:53.704,427.01,24.05,0,0,161.82433472081,-78.6985333046456,35.7296815370248,24.9958243347208,-0.523084570601953,-2.50437322023302,-0.0273222145979649,-8.67229656954333,-5.10702661116762,0,12.587,6,10
2025-05-31 23:23:54.698,427.01,25.28,0,0,162.816804149232,-78.6985894494344,35.7296042526372,24.9951831958508,-0.520408743120651,-2.4979722522594,-0.0293049575439548,-8.65183195850768,-5.09183195850768,0,12.587,6,10
2025-05-31 23:23:55.702,427.01,26.52,0,0,163.820182620466,-78.6986459762815,35.7295263538287,24.995,-0.522705857678314,-2.50022289867473,-0.0276577203714876,-8.61719269518137,-5.07359634759069,0,12.587,6,10
2025-05-31 23:23:56.731,427.01,28.17,0,0,164.849061675594,-78.6987038172662,35.7294466826263,24.995,-0.521645198291819,-2.50135036371711,-0.0276577595752551,-8.62698123351187,-5.08698123351187,0,12.587,6,10
2025-05-31 23:23:57.736,427.01,29.82,0,0,165.852797529519,-78.6987603125009,35.7293688229117,24.995,-0.522832024731901,-2.49932825953138,-0.0281884541263712,-8.60441607411442,-5.07294404940961,0,12.587,6,10
2025-05-31 23:23:58.772,427.01,31.47,0,0,166.888374509236,-78.69881843781,35.7292888174879,24.9941116254908,-0.523943704610166,-2.500094108528,-0.0276067344365579,-8.60888374509236,-5.07888374509236,0,12.587,6,10
2025-05-31 23:23:59.777,427.01,33.12,0,0,167.892155491156,-78.6988750175697,35.7292108795183,24.9948921554912,-0.520886895892931,-2.50021912773565,-0.0272470340373199,-8.60107844508844,-5.07107844508844,0,12.587,6,10
2025-05-31 23:24:00.808,427.01,35.2,0,0,168.922125200123,-78.6989329234362,35.7291311275095,24.995,-0.520088950134055,-2.50010243669642,-0.0265939953374918,-8.59077874799877,-5.07,0,12.587,6,10
2025-05-31 23:24:01.821,427.01,36.85,0,0,169.934274421231,-78.6989898062225,35.7290527871598,24.995,-0.522968693138986,-2.50005799607999,-0.0273459718014176,-8.57131451157538,-5.06065725578769,0,12.587,6,10
2025-05-31 23:24:02.822,427.01,38.92,0,0,170.93539045616,-78.6990457883265,35.7289757684739,24.9921938286315,-0.526109121568583,-2.50000515026019,-0.0279637330163552,-8.60741561824641,-5.07870780912321,0,12.587,6,10
2025-05-31 23:24:03.854,427.01,40.99,0,0,171.967307848016,-78.6991040528934,35.7288955434494,24.993934615696,-0.520383276695733,-2.50050650522216,-0.0263043299592703,-8.59065384303969,-5.07032692151984,0,12.587,6,10
2025-05-31 23:24:04.851,427.01,43.67,0,0,172.962725733211,-78.6991600051862,35.7288184850282,24.994,-0.521875359581431,-2.499355021308,-0.0277153839835329,-8.59962725733211,-5.07,0,12.587,6,10
2025-05-31 23:24:05.877,427.01,45.74,0,0,173.988067746342,-78.6992178270209,35.7287389259429,24.9949880677463,-0.518730724053526,-2.50068011047375,-0.0261079801660076,-8.58023864507316,-5.06011932253658,0,12.587,6,10
2025-05-31 23:24:06.888,427.01,48.41,0,0,174.999261174363,-78.6992744586258,35.7286609569635,24.9940007388256,-0.522760244280985,-2.49978633476562,-0.0272468122947665,-8.58,-5.06,0,12.587,6,10
2025-05-31 23:24:07.894,427.01,51.09,0,0,176.003817366017,-78.699331113009,35.7285830064446,24.994,-0.519504483789987,-2.49991683833257,-0.0266525118577476,-8.57011452098052,-5.06003817366017,0,12.587,6,10
2025-05-31 23:24:08.910,427.01,53.76,0,0,177.019664860275,-78.6993878071316,35.7285048740068,24.9940196648603,-0.526387830350263,-2.49993575423056,-0.027630584766846,-8.60019664860275,-5.07019664860275,0,12.587,6,10
2025-05-31 23:24:09.929,427.01,55.83,0,0,178.03748109009,-78.6994451064373,35.7284259027117,24.995,-0.521496569034434,-2.50025291359863,-0.0263142965863017,-8.6096251890991,-5.0796251890991,0,12.587,6,10
2025-05-31 23:24:10.945,427.01,58.51,0,0,179.052825616633,-78.6995021846473,35.7283473954496,24.995,-0.523064747686026,-2.49970988591375,-0.0273865135355535,-8.59947174383366,-5.06947174383367,0,12.587,6,10
2025-05-31 23:24:11.946,427.01,61.18,0,0,180.052307031047,-78.699558623963,35.7282697723586,24.994947692969,-0.516718194373881,-2.50012004747735,-0.0260385598627163,-8.59052307031047,-5.06052307031047,0,12.587,6,10
2025-05-31 23:24:12.967,427.01,63.85,0,0,181.073386259096,-78.6996157243078,35.7281911199035,24.994,-0.525701697218237,-2.50052823276543,-0.027642106754022,-8.60146772518192,-5.07073386259096,0,12.587,6,10
2025-05-31 23:24:13.977,427.01,67.68,0,0,182.082638970778,-78.699672452574,35.7281130037437,24.9940826389708,-0.521121909744027,-2.50004985416622,-0.0271105321170641,-8.61834722058444,-5.07917361029222,0,12.587,6,10
2025-05-31 23:24:14.997,427.01,71.5,0,0,183.10214260527,-78.6997298608429,35.7280340635196,24.9951021426053,-0.522103747886137,-2.50022302605099,-0.0269906362610984,-8.6010214260527,-5.07,0,12.587,6,10
2025-05-31 23:24:16.023,427.01,75.32,0,0,184.126765151099,-78.6997875988485,35.7279545264068,24.9958732348489,-0.517080016701751,-2.50039015928913,-0.0268346674693378,-8.60746469697802,-5.06873234848901,0,12.587,6,10
2025-05-31 23:24:17.036,427.01,79.14,0,0,185.138542580159,-78.699844286093,35.7278764768043,24.995,-0.524061545211606,-2.5002588392242,-0.0280887303461139,-8.59415627740478,-5.06277085160319,0,12.587,6,10
2025-05-31 23:24:18.059,427.01,82.96,0,0,186.16051422443,-78.699901704848,35.7277974083019,24.995,-0.518845377828342,-2.50051939139694,-0.0271639971678727,-8.61678971551139,-5.0783948577557,0,12.587,6,10
2025-05-31 23:24:19.055,427.01,86.79,0,0,187.156434928987,-78.699957591643,35.7277204919365,24.995,-0.522885022019046,-2.50028357748401,-0.0279626798364883,-8.60312869857975,-5.07156434928987,0,12.587,6,10
2025-05-31 23:24:20.072,427.01,90.61,0,0,188.172730062668,-78.7000144137884,35.7276422452453,24.9969000306894,-0.488066602338731,-2.50120244951671,-0.0233530240220135,-8.49908895613222,-5.00918067430602,0,12.587,6,10
2025-05-31 23:24:21.089,427.01,94.43,0,0,189.189237933565,-78.7000687348112,35.7275675210584,25.0050538103322,-0.365427609605704,-2.50345163023916,-0.0103188379252066,-7.72508492842818,-4.55645723986107,0,12.587,6,10
2025-05-31 23:24:22.089,427.01,99.08,0,0,190.189534693192,-78.7001161656898,35.7275024533829,24.9989151183749,-0.261390769754915,-2.50422536979936,-0.00572122095887166,-6.66634906203291,-3.93922106169721,0,12.587,6,10
2025-05-31 23:24:23.110,427.01,102.9,0,0,191.209087033315,-78.7001567835069,35.72744698654,24.9889545648334,-0.154362450262535,-2.50482083249814,-0.00248937922526558,-5.45073207868932,-3.2231847250137,0,12.587,6,10
2025-05-31 23:24:24.133,427.01,107.55,0,0,192.230716722185,-78.7001889217747,35.7274031094881,24.9852307167222,-0.0472071237112329,-2.50473047621048,0.00218555516639269,-4.160839592272,-2.44311945503009,0,12.587,6,10
2025-05-31 23:24:25.136,427.01,111.37,0,0,193.233072489949,-78.7002116359309,35.7273717889415,24.9866992174698,0.0522545036430377,-2.50433474009076,0.00808720206236836,-2.78738343977555,-1.61722693374471,0,12.587,6,10
2025-05-31 23:24:26.137,427.01,115.19,0,0,194.233272508817,-78.700224906326,35.7273534571472,24.9896998175264,0.125237280362681,-2.50355227628628,0.0129226387172826,-1.33108576256865,-0.756383817682256,-0.00233272508816559,12.587,6,10
2025-05-31 23:24:27.162,427.01,119.01,0,0,195.257037768994,-78.7002290200736,35.7273475799264,24.991742962231,0.0819144368274558,-2.50350420163502,0.00781506937185628,-0.131762626262626,-0.0505998023715414,-0.00742962231005709,12.587,6,10
2025-05-31 23:24:28.169,427.01,123.66,0,0,196.261713977722,-78.7002280027434,35.7273487019421,24.9912617139777,0.0117202263459981,-2.50435121658677,0.00131155765316695,0.202148580668344,0.142148580668344,0,12.587,6,10
2025-05-31 23:24:29.219,427.01,127.48,0,0,197.310598119616,-78.7002261962224,35.7273508658972,24.9929317943589,-0.00860284550396136,-2.49911886183936,-5.67128527263359e-05,0.152046169234566,0.101364112823044,0,12.587,6,10
2025-05-31 23:24:30.221,427.01,132.13,0,0,198.311121365759,-78.7002251133272,35.7273521488971,24.996244485463,-0.00660750157814509,-2.1901841423624,-0.00066853172725627,0.0713327180544402,0.0475551453696268,0,12.587,6,10
2025-05-31 23:24:31.257,427.01,135.95,0,0,199.346243635503,-78.7002245961269,35.7273528038731,24.999692487271,-0.00146078060750187,-1.12437666625562,-0.00191417773947005,0.0265375636449727,0.0130751272899454,0,12.587,6,10
2025-05-31 23:24:32.266,427.01,139.78,0,0,200.35391450881,-78.7002243646085,35.7273530707829,25.001,0.000136730055856347,-0.587437107856653,-0.000261732906767691,0.0164608549119027,0,0,12.587,6,10
2025-05-31 23:24:33.272,427.01,143.6,0,0,201.358742042607,-78.7002242641258,35.7273532358742,25.001,-0.000280551465325548,-0.91997354935158,-5.59351069917151e-06,0.01,0,0,12.587,6,10
2025-05-31 23:24:34.278,427.01,148.25,0,0,202.364732469485,-78.7002241635267,35.7273533364732,25.001,-0.000235714019857808,-0.178908756048218,-0.000236290754605859,0.01,0,0,12.587,6,10
2025-05-31 23:24:35.295,427.01,152.07,0,0,203.380518756073,-78.7002240619481,35.7273534380519,25.001,0.00057707341572743,0.86388824245564,-0.00017013329812779,0.00619481243926919,0,0,12.587,6,10
2025-05-31 23:24:36.300,427.01,156.72,0,0,204.385213478924,-78.700224,35.7273535,25.001,0.000510463808356217,0.695221375868372,-0.000431999282978716,0,0,0,12.587,6,10
2025-05-31 23:24:37.350,427.01,160.54,0,0,205.434637741105,-78.700224,35.7273535,25.001,0.000295086527611491,0.952549473566198,-0.000506790635967612,0,0,0,12.587,6,10
2025-05-31 23:24:38.365,427.01,165.19,0,0,206.448846125009,-78.7002239551154,35.7273535,25.001,0.00075049555173786,2.27394922412976,0.000316438775548082,0,-0.00448846125009372,0,12.587,6,10
2025-05-31 23:24:39.355,427.01,169.83,0,0,207.438458218956,-78.7002239,35.7273535,25.001,0.000607246738886271,0.476339976397715,0.00103828692189376,0,-0.01,0,12.587,6,10
2025-05-31 23:24:40.367,427.01,173.66,0,0,208.44897676025,-78.7002239,35.7273535,25.001,0.000547761680926366,-2.53462436130034,0.000932595931932862,0.00448976760249866,-0.00551023239750134,0,12.587,6,10
2025-05-31 23:24:41.379,427.01,177.48,0,0,209.459309389895,-78.7002239,35.7273535,25.001,0.000426609954313421,-2.49878090572579,0.000454141911956911,0.01,0,0,12.587,6,10
2025-05-31 23:24:42.400,427.01,182.13,0,0,210.477781661656,-78.7002239477782,35.7273535,25.001,0.000170273846708203,-2.65586476208505,-0.000157270913225877,0.00522218338343537,0,0,12.587,6,10
2025-05-31 23:24:43.426,427.01,185.5,0,0,211.502399006661,-78.7002240502399,35.7273535502399,25.001,-0.000268670175126751,-2.5568297484853,-0.00083916244622973,0,0,0,12.587,6,10
2025-05-31 23:24:44.432,427.01,189.32,0,0,212.506784230708,-78.7002241,35.7273536506784,25.001,-0.000819122849215927,-2.58424149745568,-0.00123949998309702,0,0,0,12.587,6,10
2025-05-31 23:24:45.453,427.01,193.14,0,0,213.527080434678,-78.7002241,35.727353752708,25.0015270804347,-0.00121513172004662,-2.6657933019749,-0.000986180523413862,-0.00527080434678309,0,0,12.587,6,10
2025-05-31 23:24:46.455,427.01,197.79,0,0,214.52771698396,-78.7002241,35.7273538,25.002527716984,-0.00170383926936409,-0.0545485193235136,-4.77447550505234e-05,-0.0152771698396043,0.00527716983960425,0,12.587,6,10
2025-05-31 23:24:47.498,427.01,202.44,0,0,215.56949409025,-78.7002241,35.7273538,25.0018610118195,-0.00149745624169135,1.94071243128527,0.00109211241267863,-0.02,0.01,0,12.587,6,10
2025-05-31 23:24:48.489,427.01,206.26,0,0,216.559900270309,-78.7002241,35.7273538,25.001,-0.00318176197583227,2.01625869936012,0.000394860869454069,-0.02,0.01,0,12.587,6,10
2025-05-31 23:24:49.490,427.01,210.91,0,0,217.560420688132,-78.7002177672462,35.7273502693497,25.001,-0.185089632724732,2.1433521036289,0.0234124923760219,-0.798984756502901,1.18127923819501,0,12.587,6,10
2025-05-31 23:24:50.533,427.01,214.73,0,0,218.602767446511,-78.7001988157952,35.7273398448534,25.003411069786,-0.363298093352979,1.95622717234927,0.070050131123177,-2.02482279544091,2.99812349530094,0,12.587,6,10
2025-05-31 23:24:51.523,427.01,218.55,0,0,219.592993635667,-78.7001501066239,35.7273132150317,25.003221019093,-0.48595655094518,2.05449895664805,0.0348190576531604,-3.37878981706793,5.06655415281197,0,12.587,6,10
2025-05-31 23:24:52.544,427.01,221.93,0,0,220.612389583687,-78.7000752336125,35.7272724346817,24.9977132729142,-0.55179119370594,2.05580203408525,0.0409294167713593,-4.77711529209794,7.13331008394135,-0.00612389583686833,12.587,6,10
2025-05-31 23:24:53.555,427.01,225.75,0,0,221.621649762678,-78.6999894866762,35.7272256013266,24.9981082488134,-0.551905701677411,2.04103851555313,0.0370461281512994,-5.42406193354984,8.09217538845866,-0.00378350237322008,12.587,6,10
2025-05-31 23:24:54.578,427.01,229.57,0,0,222.644195434062,-78.6998955321465,35.7271745681306,24.9974232182638,-0.55192667641153,2.0646822369762,0.0264542510451509,-5.61374540642805,8.44393276719672,0,12.587,6,10
2025-05-31 23:24:55.584,427.01,233.39,0,0,223.64993602402,-78.6998004910841,35.7271231932884,24.996,-0.541447151832435,2.0468265313816,0.0340723930952333,-5.69249680120101,8.5464993602402,0,12.587,6,10
2025-05-31 23:24:56.584,427.01,236.77,0,0,224.648038677068,-78.6997058955411,35.7270720204197,24.9979441160312,-0.531509388254155,2.05639454416489,0.028163592090652,-5.67759806614658,8.51111767937589,0,12.587,6,10
2025-05-31 23:24:57.620,427.01,239.44,0,0,225.68373118905,-78.6996084660145,35.7270192664556,24.999,-0.525087678920351,2.05426755602975,0.0298913121008763,-5.61897612865701,8.42162688109501,0,12.587,6,10
2025-05-31 23:24:58.608,427.01,242.12,0,0,226.670783710335,-78.6995169537419,35.7269696608145,24.996987648869,-0.526069753740619,2.05270015712541,0.0306604406083518,-5.6,8.3765843257933,0,12.587,6,10
2025-05-31 23:24:59.629,427.01,244.79,0,0,227.691092693169,-78.6994226739259,35.7269185071468,24.9953089073068,-0.52570987211991,2.05560131222907,0.0290260677868671,-5.59308907306831,8.3630890730683,0,12.587,6,10
2025-05-31 23:25:00.645,427.01,246.86,0,0,228.705990637039,-78.6993291488614,35.7268677710672,24.995,-0.525493497885501,2.05275490561161,0.0296703589864491,-5.59,8.35294009362961,0,12.587,6,10
2025-05-31 23:25:01.647,427.01,249.54,0,0,229.706800809173,-78.6992366502451,35.7268175479193,24.995,-0.52172552675727,2.05512050408373,0.0277085121406676,-5.56879597572482,8.32879597572482,0,12.587,6,10
2025-05-31 23:25:02.666,427.01,252.21,0,0,230.725574094994,-78.6991428922981,35.7267666664101,24.994274425905,-0.522827135895301,2.0545169825374,0.0283319424722263,-5.56,8.32,0,12.587,6,10
2025-05-31 23:25:03.683,427.01,254.28,0,0,231.742013005513,-78.6990493606022,35.7267158993497,24.9932579869945,-0.523460552875682,2.05436865020222,0.0289885041922541,-5.55257986994487,8.31257986994487,0,12.587,6,10
2025-05-31 23:25:04.707,427.01,255.93,0,0,232.765200565305,-78.6989557371884,35.726665046052,24.9922347994347,-0.528619315869342,2.05425147326435,0.0295100133207605,-5.57295601695915,8.33295601695915,0,12.587,6,10
2025-05-31 23:25:05.742,427.01,258.01,0,0,233.800177749519,-78.6988603635759,35.726613231077,24.993600355499,-0.524665331910447,2.0542191671557,0.0279802764315189,-5.58,8.34800177749519,0,12.587,6,10
2025-05-31 23:25:06.739,427.01,259.66,0,0,234.796527861722,-78.6987684601311,35.7265632939541,24.9947965278617,-0.523531805047654,2.0546087310109,0.0275638242191888,-5.56406944276556,8.33406944276556,0,12.587,6,10
2025-05-31 23:25:07.751,427.01,261.31,0,0,235.807913252694,-78.6986750488154,35.7265125427547,24.9958079132527,-0.518279828824562,2.05449525017115,0.0274144273276304,-5.55192086747306,8.30576260241918,0,12.587,6,10
2025-05-31 23:25:08.771,428.67,261.31,0,0,236.827327175819,-78.698581434098,35.7264617818394,24.9951726728242,-0.523111847564368,2.05453647863886,0.0279303042734885,-5.54172672824181,8.3,0,12.587,6,10
2025-05-31 23:25:09.787,428.67,262.96,0,0,237.842544719291,-78.6984882543948,35.726411241273,24.9941574552807,-0.523474130752819,2.05387383598505,0.0280320879621958,-5.55685089438581,8.31685089438581,0,12.587,6,10
2025-05-31 23:25:10.795,428.67,264.61,0,0,238.849477723598,-78.6983959028928,35.7263610960094,24.9931505222764,-0.526300951062563,2.0543382582446,0.0282966982275216,-5.56849477723598,8.32849477723598,0,12.587,6,10
2025-05-31 23:25:11.801,430.32,264.61,0,0,239.854833615837,-78.6983031133739,35.7263106873525,24.9947096672317,-0.519932312125647,2.05462491788514,0.0266679200749558,-5.57,8.33854833615837,0,12.587,6,10
2025-05-31 23:25:12.838,431.97,264.61,0,0,240.891088554708,-78.6982078089618,35.7262588455723,24.995,-0.522912997198524,2.05457845777657,0.0270105693276398,-5.55217822890585,8.31326734335877,0,12.587,6,10
2025-05-31 23:25:13.834,433.62,264.61,0,0,241.886564240925,-78.6981162360898,35.7262091604444,24.995,-0.521178739381267,2.05446247377934,0.0267341235814061,-5.55886564240925,8.31886564240925,0,12.587,6,10
2025-05-31 23:25:14.863,435.27,264.61,0,0,242.915314272346,-78.6980218656812,35.7261579173492,24.995,-0.52618382297689,2.05461513268364,0.027639367935869,-5.56,8.32,0,12.587,6,10
2025-05-31 23:25:15.872,437.35,264.61,0,0,243.923807086964,-78.6979290173673,35.7261076020264,24.995,-0.522849848024916,2.05459990282414,0.0267886330254455,-5.56923807086964,8.33847614173929,0,12.587,6,10
2025-05-31 23:25:16.895,439,264.61,0,0,244.94651018913,-78.6978348264116,35.7260563798395,24.995,-0.523382428177752,2.05457887319672,0.0269812919988913,-5.5605348981087,8.32106979621739,0,12.587,6,10
2025-05-31 23:25:17.927,441.07,264.61,0,0,245.976811611572,-78.6977398379694,35.7260048594194,24.995,-0.519543005176197,2.0545126182434,0.0263484782383578,-5.56,8.32,0,12.587,6,10
2025-05-31 23:25:18.927,442.3,264.61,0,0,246.976092276197,-78.6976479971198,35.7259549929954,24.995,-0.524455452548445,2.05461905165104,0.0269477778329833,-5.54047815447606,8.29071723171409,0,12.587,6,10
2025-05-31 23:25:19.940,444.37,264.61,0,0,247.987753125858,-78.697555420589,35.7259047086696,24.9930244937483,-0.526974116368065,2.05405320261816,0.0278189264368134,-5.56963259377574,8.32951012503432,0,12.587,6,10
2025-05-31 23:25:20.960,446.03,264.61,0,0,249.006830099162,-78.6974614716309,35.7258536591781,24.995,-0.524611402523836,2.05468513314557,0.0264883004186267,-5.56006830099162,8.33,0,12.587,6,10
2025-05-31 23:25:21.960,446.03,264.61,0.53,0,250.004903984462,-78.6973696468718,35.72580385382,24.9950049039845,-0.524358149274948,2.05454643345495,0.0271118188586222,-5.56990192031075,8.32985288046613,0,12.587,6,10
2025-05-31 23:25:22.978,448.1,264.61,0.53,0,251.022936307025,-78.697275594447,35.7257527577719,24.995977063693,-0.520823396366813,2.05404951858023,0.0261858536232628,-5.55,8.30022936307025,0,12.587,6,10
2025-05-31 23:25:23.999,450.17,264.61,0.53,0,252.043428727898,-78.6971819175857,35.7257019372494,24.995,-0.522943091407456,2.05485504739599,0.0263448270194367,-5.55,8.31,0,12.587,6,10
2025-05-31 23:25:25.016,450.17,265.45,0.53,0,253.058999425531,-78.6970887956526,35.7256513618286,24.995,-0.526455430590517,2.05422620847347,0.026582723478229,-5.55117998851063,8.31176998276594,0,12.587,6,10
2025-05-31 23:25:26.019,452.24,265.45,0.53,0,254.061808899066,-78.6969968764959,35.7256013910124,24.9950618088991,-0.527429726186586,2.05423998616062,0.0264191918617759,-5.56938191100934,8.33876382201868,0,12.587,6,10
2025-05-31 23:25:27.048,454.31,265.45,0.53,0,255.089862207283,-78.6969017416632,35.7255497248621,24.9959101377927,-0.52082028742868,2.05500814025144,0.0258409978665595,-5.56,8.32,0,12.587,6,10
2025-05-31 23:25:28.050,456.39,265.45,0.53,0,256.091526849241,-78.6968096429191,35.7254998053522,24.9950915268492,-0.52302704124524,2.05439259130018,0.0266620428529279,-5.55816946301518,8.31816946301518,0,12.587,6,10
2025-05-31 23:25:29.061,458.46,265.45,0.53,0,257.101982306439,-78.696716368619,35.7254491314794,24.9958980176936,-0.520046293377651,2.05472782519824,0.0259783302678023,-5.54101982306439,8.30101982306439,0,12.587,6,10
2025-05-31 23:25:30.071,460.53,265.45,0.53,0,258.110588176528,-78.6966240369466,35.72539898165,24.995,-0.525286305938652,2.05464772001627,0.0266195144479057,-5.55110588176528,8.31110588176528,0,12.587,6,10
2025-05-31 23:25:31.091,462.6,265.45,0.53,0,259.129559577412,-78.6965304193867,35.725348147933,24.995,-0.525529727550322,2.0544730947322,0.0267021412729239,-5.56129559577412,8.32259119154824,0,12.587,6,10
2025-05-31 23:25:32.092,464.67,265.45,0.53,0,260.130866130083,-78.696438494883,35.7252982305203,24.9951308661301,-0.526684413627851,2.05486055802712,0.0264154724290694,-5.56869133869917,8.33869133869917,0,12.587,6,10
2025-05-31 23:25:33.113,466.75,265.45,0.53,0,261.151806270187,-78.6963441490038,35.7252470248671,24.9958481937298,-0.520130413164971,2.05447667236575,0.0255200848938866,-5.55848193729813,8.32696387459625,0,12.587,6,10
2025-05-31 23:25:34.146,468.82,265.45,0.53,0,262.183806938884,-78.6962492897616,35.7251955280338,24.9951838069389,-0.524199880115757,2.05457951047158,0.0256965870024799,-5.55,8.31,0,12.587,6,10
2025-05-31 23:25:35.145,470.89,265.45,0.53,0,263.182783369856,-78.6961574570433,35.7251456973882,24.9961827833699,-0.522608641593973,2.05451054914669,0.0259223198420245,-5.55182783369855,8.31182783369856,0,12.587,6,10
2025-05-31 23:25:36.168,472.96,265.45,0.53,0,264.204138504565,-78.6960637376022,35.7250947726609,24.997,-0.525657496115786,2.05435617124501,0.0265697328494348,-5.56204138504565,8.32204138504565,0,12.587,6,10
2025-05-31 23:25:37.186,474.61,265.45,0.53,0,265.222228990862,-78.6959697771557,35.7250438107734,24.997,-0.520254062976495,2.05473380106092,0.0258335803593612,-5.56555542018275,8.32555542018275,0,12.587,6,10
2025-05-31 23:25:38.175,476.69,265.45,0.53,0,266.209474399728,-78.6958789864603,35.7249945053326,24.9967905256003,-0.522863356286322,2.05428969282131,0.026051502280616,-5.55209474399728,8.31209474399728,0,12.587,6,10
2025-05-31 23:25:39.202,478.76,265.45,0.53,0,267.235697675464,-78.6957845100929,35.7249431858255,24.9962356976755,-0.520060198724867,2.05467684881561,0.0255224566432875,-5.55764302324536,8.31528604649073,0,12.587,6,10
2025-05-31 23:25:40.211,480.41,265.45,0.53,0,268.24362575929,-78.6956921107927,35.7248930430746,24.9965127484814,-0.525759039122589,2.05426065699872,0.0268889605613573,-5.55487251518581,8.30974503037162,0,12.587,6,10
2025-05-31 23:25:41.233,480.94,265.45,0.53,0,269.265512458597,-78.6955981728538,35.7248420243771,24.9952655124586,-0.523600531803202,2.0545371366349,0.0262074967487971,-5.56734487541403,8.33734487541403,0,12.587,6,10
2025-05-31 23:25:42.255,480.94,265.45,1.76,0,270.285775096702,-78.6955042229586,35.7247909826677,24.996,-0.523613412842645,2.05454198494549,0.0262371589874278,-5.56,8.33,0,12.587,6,10
2025-05-31 23:25:43.275,482.59,265.45,1.76,0,271.305507485592,-78.6954101627606,35.7247399246257,24.9966110149712,-0.521113598929776,2.05470385432903,0.025748584259217,-5.55388985028815,8.32083477543223,0,12.587,6,10
2025-05-31 23:25:44.272,484.25,265.45,1.76,0,272.301271050145,-78.6953185131905,35.7246901967017,24.9973974578997,-0.521974044698504,2.05451042084662,0.0263800934833203,-5.54301271050145,8.30301271050145,0,12.587,6,10
2025-05-31 23:25:45.287,485.48,265.45,1.76,0,273.315679548411,-78.6952253837534,35.7246396791585,24.9956843204516,-0.524520296241665,2.05454771674823,0.026808891694708,-5.55315679548411,8.31,0,12.587,6,10
2025-05-31 23:25:46.313,487.13,265.45,1.76,0,274.340607139539,-78.6951314663253,35.7245886037037,24.995,-0.527666131504963,2.05445195578662,0.0264933389445736,-5.56681214279078,8.32362428558156,0,12.587,6,10
2025-05-31 23:25:47.315,488.78,265.45,1.76,0,275.34147571869,-78.6950393793484,35.7245385579189,24.9956829514374,-0.52575225459922,2.05452106197953,0.0256905839434267,-5.56975572843931,8.33975572843931,0,12.587,6,10
2025-05-31 23:25:48.331,490.01,265.45,1.76,0,276.356894864328,-78.6949455656725,35.7244876909463,24.9973568948643,-0.522218757259604,2.05457430060751,0.0256834043038705,-5.55,8.32,0,12.587,6,10
2025-05-31 23:25:49.344,490.01,265.45,2.6,0,277.369583796043,-78.6948523982908,35.7244371208102,24.997630416204,-0.522156186803824,2.05464845691492,0.0259311999322628,-5.55,8.31260832407914,0,12.587,6,10
2025-05-31 23:25:50.360,491.25,265.45,2.6,0,278.3850885165,-78.6947590488742,35.7243864225919,24.996229822967,-0.522501220681579,2.05448690098119,0.0260962122528742,-5.55,8.30770177033,0,12.587,6,10
2025-05-31 23:25:51.362,492.48,265.45,2.6,0,279.386694812473,-78.6946670627467,35.7243365039289,24.995,-0.52430407719051,2.05419457856611,0.0268569458525328,-5.55386694812473,8.32,0,12.587,6,10
2025-05-31 23:25:52.367,493.71,265.45,2.6,0,280.390661935583,-78.6945748763005,35.7242864059694,24.9953906619356,-0.525488708137013,2.05456988664995,0.0263293898101437,-5.56390661935583,8.32781323871166,0,12.587,6,10
2025-05-31 23:25:53.399,493.71,265.45,4.26,0,281.421602397602,-78.6944800017782,35.7242348355596,24.9972648071928,-0.523826769387686,2.05445136344635,0.0257872709319457,-5.56156795204795,8.33156795204795,0,12.587,6,10
2025-05-31 23:25:54.417,493.71,265.45,5.91,0,282.439042960846,-78.6943861958562,35.7241839356605,24.9981219140783,-0.522346277215355,2.05464385547743,0.0257429623507364,-5.55,8.32,0,12.587,6,10
2025-05-31 23:25:55.434,493.71,265.45,7.56,0,283.45517085621,-78.6942928242812,35.7241332869743,24.9965448291438,-0.524612562082168,2.05467295568804,0.0266223180652608,-5.55,8.3154482914379,0,12.587,6,10
2025-05-31 23:25:56.453,493.71,265.45,9.63,0,284.472753998565,-78.6941993957337,35.7240825568509,24.9955272460014,-0.525923326775937,2.05434536793716,0.0271729092873937,-5.5594550799713,8.3194550799713,0,12.587,6,10
2025-05-31 23:25:57.459,493.71,265.45,10.86,0,285.478404910551,-78.6941068475458,35.7240322840735,24.9959568098211,-0.523910543201501,2.05453248892941,0.0262850462823419,-5.56521595089449,8.32521595089449,0,12.587,6,10
2025-05-31 23:25:58.475,493.71,265.45,12.52,0,286.493720097487,-78.6940132764951,35.7239814633671,24.9974937200975,-0.522293557044713,2.05465129716503,0.0256505909600535,-5.55506279902513,8.31506279902513,0,12.587,6,10
2025-05-31 23:25:59.492,493.71,265.45,14.59,0,287.510490174615,-78.6939197838549,35.7239307265403,24.9974895098254,-0.522677964221476,2.05465276773735,0.0263683460410873,-5.55,8.31510490174615,0,12.587,6,10
2025-05-31 23:26:00.519,493.71,265.45,16.66,0,288.537554994187,-78.693825406207,35.7238795297613,24.9959248900116,-0.523994282271838,2.05456177870735,0.026881190284772,-5.55537554994187,8.32,0,12.587,6,10
2025-05-31 23:26:01.514,493.71,265.45,18.31,0,289.531872997786,-78.6937339081223,35.7238297999755,24.9955318729978,-0.521512067714272,2.05464796265206,0.026022899064111,-5.56531872997786,8.32531872997786,0,12.587,6,10
2025-05-31 23:26:02.531,493.71,265.45,20.38,0,290.548632398137,-78.6936403355459,35.7237789781066,24.9970972647963,-0.521157521607066,2.05464029376779,0.025714322716073,-5.55902735203726,8.31902735203726,0,12.587,6,10
2025-05-31 23:26:03.543,493.71,265.45,22.46,0,291.559864445411,-78.6935473364846,35.7237285067777,24.998,-0.517299393273753,2.05462235885174,0.0256639036187524,-5.55559864445411,8.31559864445411,0,12.587,6,10
2025-05-31 23:26:04.574,493.71,265.45,24.53,0,292.591091013566,-78.6934540746816,35.7236778911949,25.0039109101357,-0.439644986241114,2.05631398120029,0.0166246578648873,-5.29991995403103,7.9357908411822,0,12.587,6,10
2025-05-31 23:26:05.561,493.71,265.45,27.2,0,293.576829152485,-78.6933715113507,35.7236331809806,25.0039621959326,-0.330540885183014,2.05802527449747,0.00795627349680002,-4.73929275936005,7.11624401361462,0,12.587,6,10
2025-05-31 23:26:06.585,493.71,265.45,29.88,0,294.599497750257,-78.693296934153,35.7235928984326,24.9950050224974,-0.224270593555899,2.05850676388574,0.00409875960991864,-4.01637166481018,6.03856251971271,0,12.587,6,10
2025-05-31 23:26:07.601,493.71,265.45,31.95,0,295.61438244142,-78.6932357860892,35.7235599528415,24.9873137053515,-0.114523292954837,2.05885889826839,0.000438283835152095,-3.22235022244957,4.83430959705305,0,12.587,6,10
2025-05-31 23:26:08.628,493.71,265.45,34.62,0,296.640831489677,-78.6931881618258,35.7235342094578,24.985,-0.00945619695094985,2.05851810754444,-0.00473721025165302,-2.35247660398071,3.5141024336259,0,12.587,6,10
2025-05-31 23:26:09.633,493.71,265.45,37.3,0,297.645801812029,-78.6931566737331,35.7235170296143,24.9875832072481,0.0909914071854842,2.05752961660293,-0.0113445441544366,-1.43294629669234,2.1294194450385,-0.00645801812029431,12.587,6,10
2025-05-31 23:26:10.655,493.71,265.45,39.97,0,298.666373636034,-78.6931410361757,35.7235084015824,24.9903327472721,0.113026847284579,2.05773598388838,-0.011667788539024,-0.486936254848734,0.710404382273101,-0.01,12.587,6,10
2025-05-31 23:26:11.676,493.71,265.45,42.64,0,299.686165525047,-78.693138417549,35.7235067372331,24.990313834475,0.0465547069100881,2.05788295797318,-0.00562676712038414,0.032711312764551,-0.0656361415215918,-0.00313834474953061,12.587,6,10
2025-05-31 23:26:12.679,493.71,265.45,45.32,0,300.686541332971,-78.693140759624,35.7235077611579,24.9913730826659,-2.81354021297144e-05,2.05818507962462,-0.00245693208380895,0.123134586670286,-0.182538346681146,0,12.587,6,10
2025-05-31 23:26:13.709,493.71,265.45,47.99,0,301.715446659109,-78.693143202438,35.723508843902,24.9948617866364,-0.00865145583099808,2.0967269705422,-0.00297412864071455,0.0842276670445634,-0.0984553340891269,0,12.587,6,10
2025-05-31 23:26:14.716,493.71,265.45,50.67,0,302.722084059686,-78.6931444498757,35.7235093888336,24.9981662521791,-0.00139876452127352,-1.60768570024121,-0.00432281586259351,0.0555583188062758,-0.0266749564188275,0,12.587,6,10
2025-05-31 23:26:15.730,493.71,265.45,54.04,0,303.735734757426,-78.6931449942939,35.7235097207204,25.0004714695149,0.0020597030880085,-2.21261836161053,-0.000995802655285097,0.0426426524257408,-0.00264265242574077,0,12.587,6,10
2025-05-31 23:26:16.738,493.71,265.45,56.71,0,304.743373006153,-78.6931452486746,35.7235099486746,25.0017433730062,0.00100499972036821,-1.42589372092655,0.000529437512462356,0.0325662699384662,0,0,12.587,6,10
2025-05-31 23:26:17.741,493.71,265.45,58.79,0,305.745273804918,-78.6931453,35.7235101490548,25.0012547261951,0.000660193614931924,-0.718151527303466,0.000148043017623947,0.0150945239016363,0,0,12.587,6,10
2025-05-31 23:26:18.779,493.71,265.45,61.46,0,306.782986954566,-78.6931453,35.7235102782987,25.001,0.00113630324749964,0.235903232682687,-0.000215925356684777,0.00217013045434089,0,0,12.587,6,10
2025-05-31 23:26:19.769,493.71,265.45,64.13,0,307.772865871946,-78.6931453,35.7235103,25.001,0.00137672787344143,0.866201663577935,-0.000625119153354769,0,-0.00772865871946325,0,12.587,6,10
2025-05-31 23:26:20.781,493.71,265.45,66.21,0,308.783957340005,-78.6931452216043,35.7235103,25.00178395734,0.000624020681228112,0.526699333499636,-0.00159030785332151,0,-0.0178395734000504,0,12.587,6,10
2025-05-31 23:26:21.801,493.71,265.45,68.28,0,309.802962513486,-78.6931452,35.7235103,25.002,0.000725191302972551,0.895765624335053,-0.00136711009045402,0,-0.02,0,12.587,6,10
2025-05-31 23:26:22.828,493.71,265.45,70.95,0,310.828146123156,-78.6931452828146,35.7235103,25.0036562922463,0.00105306390405875,2.30762695639485,0.000504268705664542,0,-0.02,0,12.587,6,10
2025-05-31 23:26:23.830,493.71,265.45,73.63,0,311.829820673503,-78.6931453,35.7235103,25.0031701793265,0.00150934311769947,2.31409562269478,0.00018115771430353,0.00829820673503469,-0.02,0,12.587,6,10
2025-05-31 23:26:24.842,493.71,265.45,76.3,0,312.841056665295,-78.6931453841057,35.7235103,25.0021589433347,0.000876382305566337,1.86147117956284,-0.000850048548777998,0.01,-0.02,0,12.587,6,10
2025-05-31 23:26:25.849,493.71,265.45,78.97,0,313.845378161324,-78.6931454845378,35.7235102154622,25.0011546218387,0.000349539001369779,2.15072883551228,-0.00169652155507917,0.01,-0.0115462183867553,0,12.587,6,10
2025-05-31 23:26:26.860,493.71,265.45,81.65,0,314.855208132631,-78.6931456710416,35.7235102,25.001,-0.00066882843745692,2.12719761263916,-0.00190563416173869,0.0185520813263146,-0.00144791867368542,0,12.587,6,10
2025-05-31 23:26:27.872,493.71,265.45,84.32,0,315.864515716943,-78.6931457864516,35.7235102,25.001,-0.000992597374995456,2.03358666093145,-0.00152383879867242,0.0113548428305667,0.00864515716943326,0,12.587,6,10
2025-05-31 23:26:28.894,493.71,265.45,87,0,316.884898936016,-78.6931458,35.7235102,25.002769797872,-0.00103200574378563,2.13682346600314,-0.0016647220242086,0.01,0.01,0,12.587,6,10
2025-05-31 23:26:29.895,493.71,265.45,89.07,0,317.885071046245,-78.6931458885071,35.7235102,25.003,-0.00102897326489165,1.94130248068262,-0.00172921271281507,0.01,0.0188507104624475,0,12.587,6,10
2025-05-31 23:26:30.905,493.71,265.45,91.74,0,318.893524936973,-78.6931459,35.7235102,25.0012129501261,-0.00138534841359819,0.716883386826057,0.000612662606651731,0.01,0.02,0,12.587,6,10
2025-05-31 23:26:31.921,493.71,265.45,94.42,0,319.908715372186,-78.6931459,35.7235102908715,25.001,0.000799597678785583,-0.504432933096954,0.00199665843892414,0.01,0.02,0,12.587,6,10
2025-05-31 23:26:34.762,493.71,265.45,96.49,0,322.747026896322,-78.6931831866988,35.723552525401,25.0059881075853,-0.447118068996944,-0.684680072123796,0.0226133856494792,4.24176190990063,-3.07824846173984,0,12.587,6,10
2025-05-31 23:26:35.801,493.71,265.45,98.56,0,323.784715605017,-78.69322640456,35.7236013343821,25.0015069907649,-0.573844645563343,-0.752162978574526,0.0491835560935645,6.28373689793423,-4.55429615912455,0.00784715605017289,12.587,6,10
2025-05-31 23:26:36.813,493.71,265.45,101.23,0,324.795628806378,-78.6932836194769,35.7236654684414,25.0031825152255,-0.561278931583823,-0.67883174707208,0.0110426875369458,7.56927911088809,-5.5681096376763,0.00204371193622138,12.587,6,10
2025-05-31 23:26:37.823,493.71,265.45,103.31,0,325.805636282959,-78.6933483274856,35.723737186376,25.0015830911511,-0.552732235793073,-0.729605207720414,0.0329361105970343,8.0719726990358,-5.91112725659189,0,12.587,6,10
2025-05-31 23:26:38.836,493.71,265.45,105.38,0,326.817163262003,-78.6934153413569,35.723811833514,25.001,-0.549397669344961,-0.708269619128062,0.0181213338894883,8.2789177545405,-6.05623122406038,0,12.587,6,10
2025-05-31 23:26:39.843,493.71,265.45,108.05,0,327.823893803541,-78.6934831952211,35.7238870272565,25.0018238938035,-0.538054143666575,-0.706918378620231,0.0203989415947819,8.27704424785835,-6.07176106196459,0,12.587,6,10
2025-05-31 23:26:40.865,493.71,265.45,110.12,0,328.845054593768,-78.693551380636,35.7239627340399,25.002,-0.531184368692871,-0.717926007837256,0.0229581019132578,8.24464836218695,-6.01084617843621,0,12.587,6,10
2025-05-31 23:26:45.585,493.71,265.45,112.8,0,333.561160744609,-78.6938605560288,35.7243071086183,24.995,-0.526950226948732,-0.711106451690225,0.0194782410286234,8.12,-5.92,0,12.587,6,10
2025-05-31 23:27:05.338,493.71,265.45,115.47,0,353.299640895754,-78.6951469766582,35.7257403640368,24.997,-0.526365305962657,-0.711303108960811,0.018116499135475,8.08599281791508,-5.90299640895754,0,12.587,6,10
2025-05-31 23:27:06.380,493.71,265.45,118.15,0,354.339665052268,-78.6952147140944,35.7258157615823,24.997,-0.526572641247132,-0.711314337862379,0.0181976703581058,8.09660334947732,-5.91,0,12.587,6,10
2025-05-31 23:27:21.110,493.71,265.45,119.38,0,369.060929581688,-78.6961739482369,35.7268845991158,24.9964265070718,-0.519648191143598,-0.711260493339237,0.0173704807786451,8.08293971712729,-5.89781408366235,-0.000609295816882345,12.587,6,10
2025-05-31 23:27:47.880,495.78,265.45,119.38,0,395.811621015177,-78.6962753811621,35.727123,9.48343597647213,-0.000720447169808795,1.89890400459803,-0.00100588742298352,0.01,0,0.510581050758858,12.587,6,10
2025-05-31 23:27:48.100,501.24,265.45,119.38,0,396.031226831174,-78.6962754,35.7271230031227,9.37410554293241,-0.000841523460486271,1.89891278053316,-0.000941527270881244,0.01,0.000312268311740528,0.519687731688259,12.587,6,10
2025-05-31 23:27:49.108,506.7,265.45,119.38,0,397.03894797614,-78.6962754,35.7271231,8.86140916800178,-0.00063624710169428,1.89904772084017,-0.00116554783724187,0.01,0.01,0.509610520238604,12.587,6,10
2025-05-31 23:27:50.117,513.03,265.45,119.38,0,398.046395229952,-78.6962754,35.7271231,8.35466319933399,-0.000305983272075536,1.89910473214544,-0.000828416114110367,0.01,0.01,0.5,12.587,6,10
2025-05-31 23:27:51.113,518.49,265.45,119.38,0,399.041815943908,-78.6962754041816,35.7271231,7.85405021210189,-7.85899642301689e-05,1.89925640984955,-0.000233682952731945,0.009581840560916,0.01,0.5,12.587,6,10
2025-05-31 23:27:52.119,524.82,265.45,119.38,0,400.046701371358,-78.6962755,35.7271231,7.35060261294938,-0.00185743092942477,1.89928889413632,-0.00167907348761214,0,0.0104670137135852,0.5,12.587,6,10
2025-05-31 23:27:53.131,531.15,265.45,119.38,0,401.058204792419,-78.6962755,35.7271231,6.8437811942059,-0.000600672367868138,1.89910618587549,-0.000763261902225845,0.000582047924185175,0.0194179520758148,0.5,12.587,6,10
2025-05-31 23:27:54.115,537.47,265.45,119.38,0,402.042397577567,-78.6962755,35.7271231,6.34971641606152,-0.000368341809757191,1.89942238378662,-0.000884383072583462,0.01,0.01,0.5,12.587,6,10
2025-05-31 23:27:55.116,543.8,265.45,119.38,0,403.042716219133,-78.6962755,35.7271231,5.84759917421437,-0.000238542350731375,1.89951700100422,-0.000951406990024711,0.00957283780867014,0.01,0.49957283780867,12.587,6,10
2025-05-31 23:27:56.123,550.13,265.45,119.38,0,404.048467852394,-78.6962755,35.7271231,5.34366913809824,3.54856236647412e-05,1.89912819181849,-0.000909267357673298,0.00048467852393941,0.01,0.49,12.587,6,10
2025-05-31 23:27:57.126,556.46,265.45,119.38,0,405.05089965813,-78.6962755,35.7271231,4.84055017093505,-0.000468467675738053,1.89939158023465,-0.00120510146235773,0.01,0.01,0.49,12.587,6,10
2025-05-31 23:27:58.115,561.92,265.45,119.38,0,406.039626618007,-78.6962755,35.7271231,4.34614706437852,-0.000395833472998997,1.8994452329834,-0.0013602794670695,0.01,0.01,0.49,12.587,6,10
2025-05-31 23:27:59.127,568.25,265.45,119.38,0,407.051625995546,-78.6962755,35.7271231,3.83918700222715,-0.000608839865949344,1.89908457508631,-0.000983303594046977,0.01,0.01,0.49,12.587,6,10
2025-05-31 23:28:00.118,575.41,265.45,119.38,0,408.041859716731,-78.6962755,35.7271231,3.34402828191772,-0.00149471906440012,1.89964928021763,-0.00124870240789177,0.01,0.01,0.49,12.587,6,10
2025-05-31 23:28:01.120,582.58,265.45,119.38,0,409.042408729516,-78.6962755,35.7271231,2.84275322651225,-0.000931854834241467,1.89957220109188,-0.00055973253915939,0.00957591270483527,0.01,0.49,12.587,6,10
2025-05-31 23:28:02.120,588.91,265.45,119.38,0,410.041475211729,-78.6962755,35.7271231,2.34226239413545,-0.000956400779427148,1.89918952838689,-0.000609532817922238,0,0.01,0.49,12.587,6,10
2025-05-31 23:28:03.125,594.37,265.45,119.38,0,411.046428910414,-78.6962755,35.7271231,1.83983197370327,-0.000833109243834613,1.89946163514192,-0.000848713409664797,0,0.01,0.49,12.587,6,10
2025-05-31 23:28:04.123,600.7,265.45,119.38,0,412.043741163893,-78.6962755,35.7271231,1.34212941805338,-0.000208198762975952,1.8995970141311,-0.000723101088390677,0,0.01,0.49,12.587,6,10
2025-05-31 23:28:05.127,607.03,265.45,119.38,0,413.046449048437,-78.6962755,35.7271231,0.840682577684864,-0.000344249261535436,1.89972139360272,-0.000653205282060133,0,0.01,0.49,12.587,6,10
2025-05-31 23:28:06.144,613.35,265.45,119.38,0,414.062823724813,-78.6962755,35.7271231,0.342147702959159,-0.000441222942291045,1.89981698621408,-0.000946273598414618,0.000628237248127883,0.0106282372481279,0.45733166309735,12.587,6,10
2025-05-31 23:28:07.155,619.68,265.45,119.38,0,415.073104797652,-78.6962754926895,35.7271231,0.0443185896540023,-0.000788764088650903,1.89962980871461,-0.000993316908208315,0.01,0.0192689520234792,-0.027075808093917,12.587,6,10
