num,Longitude,Latitude,Altitude,Pitch,Yaw,Roll,VelocityX,VelocityY,VelocityZ,BatteryVolts,time,GPSFix,NumberOfSatellites
1,-78.6962747,35.7271223,-0.017,0.0010532635496929288,0.011998940259218216,0.0012401430867612362,-0.01,0.01,0.0,12.587,2025-05-31 23:21:12.726438,6,10
2,-78.6962747,35.7271223,-0.017,0.0010505887912586331,0.012257948517799377,0.00124958751257509,-0.01,0.01,0.0,12.587,2025-05-31 23:21:13.727266,6,10
3,-78.6962747,35.7271223,-0.017,0.0010478931944817305,0.012513281777501106,0.0012505900813266635,-0.01,0.01,0.0,12.587,2025-05-31 23:21:14.727982,6,10
4,-78.6962747,35.7271223,-0.017,0.0010451235575601459,0.012762744911015034,0.0012575307628139853,-0.01,0.01,0.0,12.587,2025-05-31 23:21:15.728275,6,10
5,-78.6962747,35.7271223,-0.017,0.0010436788434162736,0.01301615685224533,0.0012638047337532043,-0.01,0.01,0.0,12.587,2025-05-31 23:21:16.729107,6,10
6,-78.6962747,35.7271223,-0.017,0.00103414012119174,0.013270748779177666,0.001262917649000883,-0.01,0.01,0.0,12.587,2025-05-31 23:21:17.729513,6,10
7,-78.6962747,35.7271223,-0.017,0.001031909603625536,0.013515654951334,0.001274507725611329,-0.01,0.01,0.0,12.587,2025-05-31 23:21:18.730628,6,10
8,-78.6962747,35.7271223,-0.017,0.0010300925932824612,0.013768140226602554,0.001265890896320343,-0.01,0.01,0.0,12.587,2025-05-31 23:21:19.731144,6,10
9,-78.6962747,35.7271223,-0.017,0.0010230798507109284,0.014003178104758263,0.0012612033169716597,-0.01,0.01,0.0,12.587,2025-05-31 23:21:20.732129,6,10
10,-78.6962747,35.7271223,-0.017,0.0010240173432976007,0.014237547293305397,0.0012492077657952905,-0.01,0.01,0.0,12.587,2025-05-31 23:21:21.732710,6,10
11,-78.6962747,35.7271223,-0.017,0.0010201189434155822,0.01447416190057993,0.0012562082847580314,-0.01,0.01,0.0,12.587,2025-05-31 23:21:22.733119,6,10
12,-78.6962747,35.7271223,-0.017,0.0010395050048828125,0.01470451895147562,0.0012553877895697951,-0.01,0.01,0.0,12.587,2025-05-31 23:21:23.733960,6,10
13,-78.6962747,35.7271223,-0.017,0.001048340811394155,0.014949172735214233,0.001245659776031971,-0.01,0.01,0.0,12.587,2025-05-31 23:21:24.734571,6,10
14,-78.6962747,35.7271223,-0.017,0.001037847250699997,0.015169555321335793,0.0012461740989238024,-0.01,0.01,0.0,12.587,2025-05-31 23:21:25.734786,6,10
15,-78.6962747,35.7271223,-0.017,0.0010332573438063264,0.015395603142678738,0.001242180005647242,-0.01,0.01,0.0,12.587,2025-05-31 23:21:26.735491,6,10
16,-78.6962747,35.7271223,-0.017,0.0010401876643300056,0.015608898364007473,0.0012491554953157902,-0.01,0.01,0.0,12.587,2025-05-31 23:21:27.737079,6,10
17,-78.6962747,35.7271223,-0.017,0.0010349556105211377,0.015817055478692055,0.0012640788918361068,-0.01,0.01,0.0,12.587,2025-05-31 23:21:28.737962,6,10
18,-78.6962747,35.7271223,-0.017,0.0010316332336515188,0.01603678986430168,0.0012578686000779271,-0.01,0.01,0.0,12.587,2025-05-31 23:21:29.739049,6,10
19,-78.6962747,35.7271223,-0.017,0.0010306567419320345,0.016252705827355385,0.0012539135059341788,-0.01,0.01,0.0,12.587,2025-05-31 23:21:30.739691,6,10
20,-78.6962747,35.7271223,-0.017,0.0010354630649089813,0.016458000987768173,0.0012495976407080889,-0.01,0.01,0.0,12.587,2025-05-31 23:21:31.740028,6,10
21,-78.6962747,35.7271223,-0.017,0.001031915657222271,0.016665909439325333,0.0012538990704342723,-0.01,0.01,0.0,12.587,2025-05-31 23:21:32.740272,6,10
22,-78.6962747,35.7271223,-0.017,0.001038287184201181,0.016876328736543655,0.0012483672471717,-0.01,0.01,0.0,12.587,2025-05-31 23:21:33.740728,6,10
23,-78.6962747,35.7271223,-0.017,0.0010192816844210029,0.017087575048208237,0.0012475824914872646,-0.01,0.01,0.0,12.587,2025-05-31 23:21:34.741013,6,10
24,-78.6962747,35.7271223,-0.017,0.0010254960507154465,0.0172861460596323,0.0012526704231277108,-0.01,0.01,0.0,12.587,2025-05-31 23:21:35.741285,6,10
25,-78.6962747,35.7271223,-0.017,0.001027920632623136,0.017478935420513153,0.0012557960581034422,-0.01,0.01,0.0,12.587,2025-05-31 23:21:36.742349,6,10
26,-78.6962747,35.7271223,-0.017,0.0010300719877704978,0.017654966562986374,0.0012656963663175702,-0.01,0.01,0.0,12.587,2025-05-31 23:21:37.743124,6,10
27,-78.6962747,35.7271223,-0.017,0.00103780219797045,0.017842892557382584,0.0012693505268543959,-0.01,0.01,0.0,12.587,2025-05-31 23:21:38.743571,6,10
28,-78.6962747,35.7271223,-0.017,0.0010433398419991136,0.018026864156126976,0.001284141791984439,-0.01,0.01,0.0,12.587,2025-05-31 23:21:39.744265,6,10
29,-78.6962747,35.7271223,-0.017,0.0010451347334310412,0.018225055187940598,0.0012816229136660695,-0.01,0.01,0.0,12.587,2025-05-31 23:21:40.745609,6,10
30,-78.6962747,35.7271223,-0.017,0.0010458052856847644,0.018398040905594826,0.001268816995434463,-0.01,0.01,0.0,12.587,2025-05-31 23:21:41.746636,6,10
31,-78.6962747,35.7271223,0.002,0.001065126620233059,0.018565844744443893,0.0012741301907226443,-0.01,0.01,0.0,12.587,2025-05-31 23:21:42.747063,6,10
32,-78.6962747,35.7271223,0.002,0.0012511062668636441,0.018738334998488426,0.0014652046374976635,0.0,0.0,0.0,12.587,2025-05-31 23:21:43.748847,6,10
33,-78.6962747,35.7271223,0.002,0.0015236185863614082,0.018928559496998787,0.001752278534695506,0.0,0.0,0.0,12.587,2025-05-31 23:21:44.749654,6,10
34,-78.6962747,35.7271223,0.002,0.0018396322848275304,0.0191307682543993,0.0020638108253479004,0.0,0.0,0.0,12.587,2025-05-31 23:21:45.751422,6,10
35,-78.6962747,35.7271223,0.002,0.002182204043492675,0.019354119896888733,0.0023966014850884676,0.0,0.0,0.0,12.587,2025-05-31 23:21:46.752015,6,10
36,-78.6962747,35.7271223,0.002,0.002509171376004815,0.01959019899368286,0.002715093083679676,0.0,0.0,0.0,12.587,2025-05-31 23:21:47.754044,6,10
37,-78.6962747,35.7271223,0.404,-0.0028665398713201284,0.019693927839398384,-0.002858147257938981,0.0,0.0,-1.25,12.587,2025-05-31 23:21:48.754545,6,10
38,-78.6962749,35.7271224,1.828,0.0033616218715906143,0.018998626619577408,0.0036206094082444906,0.0,0.0,-1.84,12.587,2025-05-31 23:21:49.755508,6,10
39,-78.696275,35.7271225,4.17,0.003977769520133734,0.004428303334861994,0.004262246191501617,-0.01,0.01,-2.52,12.587,2025-05-31 23:21:50.756181,6,10
40,-78.696275,35.7271225,6.722,0.0035152058117091656,0.004225536715239286,0.004238573368638754,-0.01,0.02,-2.42,12.587,2025-05-31 23:21:51.757357,6,10
41,-78.696275,35.7271225,9.206,0.004160584416240454,0.004302979912608862,0.003705168142914772,-0.02,0.02,-2.42,12.587,2025-05-31 23:21:52.757953,6,10
42,-78.696275,35.7271225,11.694,0.0034157452173531055,0.004272094462066889,0.003330410923808813,-0.02,0.02,-2.43,12.587,2025-05-31 23:21:53.758278,6,10
43,-78.6962749,35.7271225,14.177,0.0025082954671233892,0.004048421047627926,0.0027557406574487686,-0.01,0.01,-2.45,12.587,2025-05-31 23:21:54.758500,6,10
44,-78.6962748,35.7271225,16.676,0.00307197542861104,0.0034468204248696566,0.0024688492994755507,-0.01,0.0,-2.45,12.587,2025-05-31 23:21:55.759590,6,10
45,-78.6962748,35.7271225,19.182,0.0029946526046842337,0.005094554740935564,0.0032365720253437757,0.0,0.0,-2.43,12.587,2025-05-31 23:21:56.759839,6,10
46,-78.6962748,35.7271225,21.459,0.0036872366908937693,0.003963093273341656,0.00415231054648757,-0.01,0.0,-1.96,12.587,2025-05-31 23:21:57.760970,6,10
47,-78.6962749,35.7271225,23.17,0.0035157520323991776,0.004269274417310953,0.004744323436170816,-0.01,0.01,-1.41,12.587,2025-05-31 23:21:58.762152,6,10
48,-78.696275,35.7271225,24.339,0.004248195793479681,0.004191040527075529,0.004744201898574829,-0.01,0.02,-0.9,12.587,2025-05-31 23:21:59.763752,6,10
49,-78.696275,35.7271225,24.949,0.0040537831373512745,0.004025466740131378,0.004212311934679747,-0.01,0.02,-0.31,12.587,2025-05-31 23:22:00.765514,6,10
50,-78.696275,35.7271225,24.986,0.0038950929883867502,0.004562415648251772,0.0039994362741708755,-0.02,0.02,0.05,12.587,2025-05-31 23:22:01.767340,6,10
51,-78.696275,35.7271225,24.953,0.003687008749693632,0.004123463295400143,0.0037724662106484175,-0.02,0.02,-0.03,12.587,2025-05-31 23:22:02.768812,6,10
52,-78.696275,35.7271225,24.955,0.0037263769190758467,0.004365695174783468,0.004002490546554327,-0.02,0.02,-0.04,12.587,2025-05-31 23:22:03.770641,6,10
53,-78.696275,35.7271226,24.962,0.0036479064729064703,0.03722163289785385,0.0040661352686584,-0.02,0.02,-0.03,12.587,2025-05-31 23:22:04.771208,6,10
54,-78.6962749,35.7271229,24.964,-0.20249426364898682,0.4091436564922333,-0.0357496403157711,0.32,0.1,-0.01,12.587,2025-05-31 23:22:05.773427,6,10
55,-78.6962712,35.727137,24.964,-0.3324607014656067,0.21568726003170013,0.006632160861045122,2.79,0.63,-0.03,12.587,2025-05-31 23:22:06.774144,6,10
56,-78.6962615,35.727172,24.973,-0.4459269940853119,0.23880653083324432,-0.011958171613514423,5.11,1.15,-0.02,12.587,2025-05-31 23:22:07.775331,6,10
57,-78.696246,35.7272286,24.972,-0.5628035068511963,0.3118993937969208,-0.046802178025245667,7.51,1.61,-0.01,12.587,2025-05-31 23:22:08.775683,6,10
58,-78.6962268,35.7273009,24.99,-0.363087922334671,0.22792799770832062,0.0012028260389342904,7.97,1.72,-0.02,12.587,2025-05-31 23:22:09.775994,6,10
59,-78.6962083,35.7273705,24.989,-0.25952619314193726,0.27445387840270996,-0.005842205602675676,7.2,1.55,0.0,12.587,2025-05-31 23:22:10.777122,6,10
60,-78.6961923,35.7274309,24.99,-0.14528174698352814,0.2655942440032959,0.007057735696434975,6.0,1.3,0.0,12.587,2025-05-31 23:22:11.777463,6,10
61,-78.6961794,35.7274789,24.992,-0.024334458634257317,0.25355932116508484,0.00696779228746891,4.52,1.02,0.0,12.587,2025-05-31 23:22:12.777787,6,10
62,-78.6961702,35.7275126,24.993,0.08036694675683975,0.269488126039505,0.007532304152846336,2.86,0.65,0.0,12.587,2025-05-31 23:22:13.778420,6,10
63,-78.6961653,35.7275302,24.999,0.15299953520298004,0.26149240136146545,0.008790852501988411,1.01,0.23,0.0,12.587,2025-05-31 23:22:14.780747,6,10
64,-78.6961645,35.7275334,24.999,0.058112841099500656,0.2625642716884613,0.004755644593387842,-0.09,-0.01,0.0,12.587,2025-05-31 23:22:15.782590,6,10
65,-78.6961651,35.7275311,24.997,-0.00019948504632338881,0.2634745240211487,0.0027039845008403063,-0.26,-0.05,0.0,12.587,2025-05-31 23:22:16.784471,6,10
66,-78.6961658,35.7275289,24.997,-0.00948816817253828,0.26224058866500854,0.0034818961285054684,-0.15,-0.02,0.0,12.587,2025-05-31 23:22:17.786366,6,10
67,-78.6961663,35.7275278,24.999,-0.005533129908144474,0.6101778149604797,0.0032689606305211782,-0.06,0.0,0.0,12.587,2025-05-31 23:22:18.787173,6,10
68,-78.6961665,35.7275273,25.001,-0.003388948505744338,2.06881046295166,0.0004470194107852876,-0.04,0.02,0.0,12.587,2025-05-31 23:22:19.788355,6,10
69,-78.6961666,35.7275271,25.003,-0.003687759395688772,2.182894706726074,0.00140646833460778,-0.04,0.03,0.0,12.587,2025-05-31 23:22:20.788894,6,10
70,-78.6961667,35.727527,25.002,-0.0025179553776979446,1.569367527961731,0.003800447564572096,-0.04,0.03,0.0,12.587,2025-05-31 23:22:21.790803,6,10
71,-78.6961666,35.7275268,25.0,-0.0017691320972517133,2.71272611618042,0.0006401219288818538,-0.03,0.02,0.0,12.587,2025-05-31 23:22:22.791428,6,10
72,-78.6961664,35.7275267,24.999,-0.0026801438070833683,-2.3381588459014893,0.0012676955666393042,-0.03,0.01,0.0,12.587,2025-05-31 23:22:23.792481,6,10
73,-78.6961663,35.7275267,24.999,-0.0014389435527846217,-3.0702173709869385,0.001842611818574369,-0.02,0.0,0.0,12.587,2025-05-31 23:22:24.793684,6,10
74,-78.6961663,35.7275266,25.001,-0.0012129740789532661,3.1067168712615967,0.0013028234243392944,-0.01,0.0,0.0,12.587,2025-05-31 23:22:25.794610,6,10
75,-78.6961663,35.7275265,25.001,0.00011409465514589101,-2.6108310222625732,0.0017198927234858274,-0.01,0.0,0.0,12.587,2025-05-31 23:22:26.795537,6,10
76,-78.6961663,35.7275263,25.001,-0.001841394929215312,-1.392701506614685,0.001796721713617444,0.0,0.0,0.0,12.587,2025-05-31 23:22:27.796266,6,10
77,-78.6961663,35.7275263,25.001,-0.0023621702566742897,-0.7315224409103394,7.627804734511301e-05,0.0,-0.01,0.0,12.587,2025-05-31 23:22:28.796662,6,10
78,-78.6961663,35.7275263,25.001,-0.00076377420919016,0.21784022450447083,-0.0006487059872597456,0.0,-0.01,0.0,12.587,2025-05-31 23:22:29.797208,6,10
79,-78.6961663,35.7275263,25.001,-0.00037793166120536625,0.5236045122146606,1.950298792507965e-05,0.0,-0.01,0.0,12.587,2025-05-31 23:22:30.799132,6,10
80,-78.6961663,35.7275263,25.001,-0.0005534769152291119,-0.02208356373012066,-0.0001273193774977699,0.0,-0.01,0.0,12.587,2025-05-31 23:22:31.800781,6,10
81,-78.6961663,35.7275263,25.001,-0.00048736430471763015,0.17417998611927032,0.00020617363043129444,0.0,-0.01,0.0,12.587,2025-05-31 23:22:32.801768,6,10
82,-78.6961664,35.7275265,25.001,0.00047297379933297634,0.24737614393234253,0.0021709466818720102,0.0,0.0,0.0,12.587,2025-05-31 23:22:33.803601,6,10
83,-78.6961665,35.7275266,25.001,0.0022257769014686346,0.10028594732284546,0.002279644599184394,-0.01,0.0,0.0,12.587,2025-05-31 23:22:34.804586,6,10
84,-78.6961666,35.7275267,25.001,0.0026165314484387636,-0.11209744215011597,0.0016749247442930937,-0.02,0.01,0.0,12.587,2025-05-31 23:22:35.805988,6,10
85,-78.6961666,35.7275267,25.001,-0.08981988579034805,-1.0043251514434814,0.04687095060944557,0.05,-0.03,0.0,12.587,2025-05-31 23:22:36.806227,6,10
86,-78.6961734,35.727536,25.001,-0.3200155198574066,-0.6464443802833557,0.03934124484658241,2.11,-1.22,0.0,12.587,2025-05-31 23:22:37.807738,6,10
87,-78.6961938,35.7275638,25.002,-0.425924688577652,-0.4848212003707886,-0.006851181387901306,4.17,-2.42,0.0,12.587,2025-05-31 23:22:38.808929,6,10
88,-78.6962275,35.7276108,24.992,-0.533447265625,-0.7665369510650635,0.11783633381128311,6.33,-3.57,0.0,12.587,2025-05-31 23:22:39.810035,6,10
89,-78.6962742,35.727677,24.982,-0.5529454350471497,-0.581211268901825,0.015229104086756706,8.08,-4.62,-0.03,12.587,2025-05-31 23:22:40.811080,6,10
90,-78.6963283,35.7277527,24.983,-0.5424981713294983,-0.6448554396629333,0.04820890352129936,8.57,-4.94,-0.01,12.587,2025-05-31 23:22:41.811665,6,10
91,-78.6963844,35.7278318,24.982,-0.5400028228759766,-0.6612241268157959,0.04187387600541115,8.81,-5.06,-0.01,12.587,2025-05-31 23:22:42.811951,6,10
92,-78.6964414,35.7279114,24.99,-0.5366841554641724,-0.6166444420814514,0.024934710934758186,8.82,-5.15,-0.01,12.587,2025-05-31 23:22:43.812899,6,10
93,-78.6964985,35.7279908,24.994,-0.5285675525665283,-0.654029905796051,0.04257766157388687,8.79,-5.12,0.0,12.587,2025-05-31 23:22:44.813200,6,10
94,-78.6965551,35.7280697,24.995,-0.523209810256958,-0.6351171135902405,0.0323389396071434,8.74,-5.09,0.0,12.587,2025-05-31 23:22:45.814343,6,10
95,-78.6966116,35.7281483,24.993,-0.519031286239624,-0.6367918848991394,0.03547424077987671,8.66,-5.05,0.0,12.587,2025-05-31 23:22:46.815436,6,10
96,-78.6966673,35.728226,24.991,-0.5209360718727112,-0.6432237029075623,0.03783915191888809,8.66,-5.03,0.0,12.587,2025-05-31 23:22:47.816516,6,10
97,-78.696723,35.7283038,24.992,-0.5223656892776489,-0.6349888443946838,0.034926965832710266,8.64,-5.02,0.0,12.587,2025-05-31 23:22:48.817167,6,10
98,-78.6967786,35.7283813,24.99,-0.5240695476531982,-0.6416053175926208,0.03864515945315361,8.66,-5.03,0.0,12.587,2025-05-31 23:22:49.817503,6,10
99,-78.6968346,35.7284595,24.989,-0.5167298316955566,-0.6381998658180237,0.0360347218811512,8.65,-5.01,-0.01,12.587,2025-05-31 23:22:50.818118,6,10
100,-78.69689,35.728537,24.99,-0.5221009254455566,-0.637986421585083,0.03718925639986992,8.64,-5.01,0.0,12.587,2025-05-31 23:22:51.819316,6,10
101,-78.6969459,35.728615,24.992,-0.5155059695243835,-0.640007495880127,0.03721579536795616,8.62,-5.0,0.0,12.587,2025-05-31 23:22:52.819562,6,10
102,-78.6970011,35.7286921,24.99,-0.5253790616989136,-0.6380187273025513,0.03776223585009575,8.64,-5.01,0.0,12.587,2025-05-31 23:22:53.820498,6,10
103,-78.6970569,35.7287699,24.989,-0.5192105770111084,-0.6392030715942383,0.03830183297395706,8.65,-5.01,-0.01,12.587,2025-05-31 23:22:54.821607,6,10
104,-78.6971125,35.7288476,24.992,-0.5219502449035645,-0.6387138366699219,0.037674229592084885,8.64,-5.01,0.0,12.587,2025-05-31 23:22:55.822040,6,10
105,-78.6971684,35.7289257,24.993,-0.5134231448173523,-0.6384121179580688,0.037086084485054016,8.63,-5.0,0.0,12.587,2025-05-31 23:22:56.823869,6,10
106,-78.6972239,35.7290032,24.992,-0.5190947651863098,-0.6385365724563599,0.03810879960656166,8.61,-4.99,0.0,12.587,2025-05-31 23:22:57.824196,6,10
107,-78.6972795,35.7290808,24.992,-0.5171223282814026,-0.6385084986686707,0.038485586643218994,8.62,-4.99,0.0,12.587,2025-05-31 23:22:58.825509,6,10
108,-78.6973348,35.7291581,24.992,-0.5240156650543213,-0.6389265656471252,0.03875074163079262,8.64,-5.01,0.0,12.587,2025-05-31 23:22:59.825865,6,10
109,-78.6973906,35.729236,24.993,-0.5161027312278748,-0.6384601593017578,0.03794742748141289,8.66,-5.02,0.0,12.587,2025-05-31 23:23:00.828044,6,10
110,-78.6974463,35.7293138,24.993,-0.5182522535324097,-0.6383920311927795,0.038238465785980225,8.63,-5.0,0.0,12.587,2025-05-31 23:23:01.828417,6,10
111,-78.6975019,35.7293915,24.993,-0.5165126323699951,-0.6383713483810425,0.038369227200746536,8.63,-5.0,0.0,12.587,2025-05-31 23:23:02.829659,6,10
112,-78.6975575,35.7294692,24.993,-0.5187169313430786,-0.6380968689918518,0.038642823696136475,8.62,-4.99,0.0,12.587,2025-05-31 23:23:03.830744,6,10
113,-78.6976131,35.7295468,24.992,-0.5181236863136292,-0.6388339400291443,0.0394415445625782,8.63,-5.0,0.0,12.587,2025-05-31 23:23:04.830989,6,10
114,-78.6976685,35.7296242,24.993,-0.5220851302146912,-0.6381786465644836,0.03886353597044945,8.64,-5.0,0.0,12.587,2025-05-31 23:23:05.831830,6,10
115,-78.6977242,35.729702,24.995,-0.5180326700210571,-0.639116644859314,0.03957361727952957,8.65,-5.01,0.0,12.587,2025-05-31 23:23:06.832246,6,10
116,-78.6977799,35.7297799,24.995,-0.5183530449867249,-0.638120174407959,0.03839646279811859,8.62,-5.0,0.0,12.587,2025-05-31 23:23:07.833380,6,10
117,-78.6978355,35.7298574,24.995,-0.5190281271934509,-0.6385883092880249,0.039273981004953384,8.63,-5.0,0.0,12.587,2025-05-31 23:23:08.833538,6,10
118,-78.697891,35.729935,24.995,-0.522179901599884,-0.6388803720474243,0.039919424802064896,8.63,-5.0,0.0,12.587,2025-05-31 23:23:09.833920,6,10
119,-78.6979454,35.7300111,25.004,-0.4033539295196533,-0.6346588134765625,0.02412412315607071,8.14,-4.71,-0.01,12.587,2025-05-31 23:23:10.834962,6,10
120,-78.697995,35.7300803,25.003,-0.3005144000053406,-0.6324042677879333,0.013901879079639912,7.12,-4.13,0.0,12.587,2025-05-31 23:23:11.835948,6,10
121,-78.6980373,35.7301394,24.993,-0.19301685690879822,-0.6314396858215332,0.005877489689737558,5.96,-3.48,0.0,12.587,2025-05-31 23:23:12.836988,6,10
122,-78.698072,35.7301878,24.987,-0.08404146879911423,-0.6308947205543518,0.00018739429651759565,4.69,-2.75,0.0,12.587,2025-05-31 23:23:13.837272,6,10
123,-78.6980981,35.7302241,24.987,0.010067774914205074,-0.631203293800354,-0.004087526351213455,3.36,-1.98,0.0,12.587,2025-05-31 23:23:14.838677,6,10
124,-78.6981155,35.7302482,24.99,0.10756071656942368,-0.6318987607955933,-0.011132007464766502,1.94,-1.13,0.0,12.587,2025-05-31 23:23:15.839235,6,10
125,-78.698123,35.7302587,24.996,0.12499117851257324,-0.6315039992332458,-0.010967015288770199,0.43,-0.24,0.0,12.587,2025-05-31 23:23:16.840387,6,10
126,-78.6981232,35.7302589,24.995,0.030889049172401428,-0.6316683292388916,-0.0018852283246815205,-0.2,0.13,0.0,12.587,2025-05-31 23:23:17.842261,6,10
127,-78.6981215,35.7302565,24.994,-0.004891987890005112,-0.6318045854568481,0.004071162547916174,-0.21,0.15,0.0,12.587,2025-05-31 23:23:18.844012,6,10
128,-78.6981205,35.7302546,24.998,-0.00648354459553957,-0.6048851013183594,0.006732973735779524,-0.1,0.1,0.0,12.587,2025-05-31 23:23:19.844447,6,10
129,-78.69812,35.7302537,25.0,-0.006111749913543463,0.42097902297973633,0.0016641844995319843,-0.03,0.08,0.0,12.587,2025-05-31 23:23:20.845361,6,10
130,-78.6981196,35.7302534,25.001,-0.003189768875017762,1.512505054473877,-0.0008999729761853814,-0.01,0.08,0.0,12.587,2025-05-31 23:23:21.845584,6,10
131,-78.6981193,35.7302533,25.001,-0.0005874127382412553,0.8205534219741821,0.0024862545542418957,-0.01,0.06,0.0,12.587,2025-05-31 23:23:22.845870,6,10
132,-78.698119,35.7302533,25.001,0.0006100140162743628,0.7487059831619263,0.0021792373154312372,-0.02,0.05,0.0,12.587,2025-05-31 23:23:23.847675,6,10
133,-78.6981188,35.7302532,25.001,0.000498138484545052,1.3207659721374512,0.0021113369148224592,-0.02,0.03,0.0,12.587,2025-05-31 23:23:24.848822,6,10
134,-78.6981186,35.7302532,25.001,-0.0018078350694850087,2.576327085494995,0.0012693782337009907,-0.02,0.02,0.0,12.587,2025-05-31 23:23:25.850014,6,10
135,-78.6981185,35.7302532,25.001,-0.0016147680580615997,2.7892532348632812,0.001412667566910386,-0.03,0.01,0.0,12.587,2025-05-31 23:23:26.850270,6,10
136,-78.6981184,35.7302531,25.002,-0.00044353381963446736,2.2517900466918945,0.0021147264633327723,-0.02,0.0,0.0,12.587,2025-05-31 23:23:27.851042,6,10
137,-78.6981183,35.730253,25.004,-0.001351204700767994,-2.8778223991394043,0.0013543934328481555,-0.02,0.0,0.0,12.587,2025-05-31 23:23:28.852233,6,10
138,-78.6981183,35.7302529,25.004,-0.001714310492388904,-1.6581590175628662,0.0005565080791711807,-0.01,-0.01,0.0,12.587,2025-05-31 23:23:29.854319,6,10
139,-78.6981182,35.7302528,25.004,-0.00019487876852508634,-2.3965559005737305,0.0020376374013721943,0.0,-0.01,0.0,12.587,2025-05-31 23:23:30.854687,6,10
140,-78.6981182,35.7302528,25.004,-0.00035158483660779893,-2.4920923709869385,0.0016361476154997945,0.0,-0.01,0.0,12.587,2025-05-31 23:23:31.855252,6,10
141,-78.6981182,35.7302528,25.004,-0.0008700041216798127,-1.869888424873352,0.0013096897164359689,0.0,-0.01,0.0,12.587,2025-05-31 23:23:32.855765,6,10
142,-78.6981182,35.7302527,25.002,-0.0017311169067397714,-0.6171078085899353,0.0007121667731553316,0.0,-0.01,0.0,12.587,2025-05-31 23:23:33.856512,6,10
143,-78.6981183,35.7302527,25.002,-0.001716485247015953,-0.46396321058273315,0.0012135346187278628,0.01,0.0,0.0,12.587,2025-05-31 23:23:34.857607,6,10
144,-78.6981183,35.7302526,25.004,-0.0005954246153123677,-1.0392935276031494,0.0018267616396769881,0.01,0.0,0.0,12.587,2025-05-31 23:23:35.859139,6,10
145,-78.6981184,35.7302526,25.004,-0.00030323799001052976,-0.7753735780715942,0.0016756461700424552,0.01,0.0,0.0,12.587,2025-05-31 23:23:36.861009,6,10
146,-78.6981185,35.7302526,25.004,0.000698004849255085,-0.7377737760543823,0.0023217382840812206,0.01,0.0,0.0,12.587,2025-05-31 23:23:37.862915,6,10
147,-78.6981186,35.7302527,25.002,0.0014881441602483392,-0.8808705806732178,0.0020289593376219273,0.01,0.02,0.0,12.587,2025-05-31 23:23:38.864913,6,10
148,-78.6981187,35.7302527,25.002,0.0014245194615796208,-0.7629162669181824,0.0017377142794430256,0.0,0.02,0.0,12.587,2025-05-31 23:23:39.866783,6,10
149,-78.6981187,35.7302528,25.003,0.0017308539245277643,-0.8403723835945129,0.0022647236473858356,0.0,0.03,0.0,12.587,2025-05-31 23:23:40.868783,6,10
150,-78.6981188,35.7302528,25.004,0.002299961168318987,-1.9213485717773438,-0.0009153971914201975,0.0,0.03,0.0,12.587,2025-05-31 23:23:41.869043,6,10
151,-78.6981188,35.7302528,25.003,0.00017358809418510646,-3.0828075408935547,-0.001847820240072906,0.0,0.03,0.0,12.587,2025-05-31 23:23:42.869845,6,10
152,-78.6981188,35.7302528,25.002,0.0016935731982812285,-2.4723949432373047,-0.0014182940358296037,0.0,0.03,0.0,12.587,2025-05-31 23:23:43.871701,6,10
153,-78.6981208,35.7302499,24.999,-0.29114919900894165,-2.305598497390747,-0.09009872376918793,-1.17,-0.65,0.0,12.587,2025-05-31 23:23:44.872537,6,10
154,-78.6981349,35.73023,25.003,-0.3745335638523102,-2.669774055480957,0.02542765438556671,-3.27,-1.91,0.0,12.587,2025-05-31 23:23:45.873782,6,10
155,-78.6981627,35.7301911,25.0,-0.4822232723236084,-2.437732219696045,-0.06811956316232681,-5.32,-3.11,0.0,12.587,2025-05-31 23:23:46.874201,6,10
156,-78.6982036,35.7301338,24.989,-0.6145721673965454,-2.489051103591919,-0.04389331489801407,-7.42,-4.36,0.0,12.587,2025-05-31 23:23:47.874932,6,10
157,-78.6982562,35.7300613,24.99,-0.5461307764053345,-2.53593111038208,-0.016988331452012062,-8.35,-4.99,-0.01,12.587,2025-05-31 23:23:48.875306,6,10
158,-78.6983128,35.7299837,24.985,-0.5461971759796143,-2.4654018878936768,-0.04429461434483528,-8.7,-5.15,-0.01,12.587,2025-05-31 23:23:49.875853,6,10
159,-78.698371,35.7299039,24.986,-0.5320792198181152,-2.518129348754883,-0.01849827542901039,-8.79,-5.23,-0.01,12.587,2025-05-31 23:23:50.876782,6,10
160,-78.6984289,35.7298249,24.994,-0.5330020189285278,-2.496171474456787,-0.03388495370745659,-8.76,-5.19,0.0,12.587,2025-05-31 23:23:51.877825,6,10
161,-78.6984864,35.729746,24.995,-0.5206438302993774,-2.4958105087280273,-0.02968740649521351,-8.73,-5.14,0.0,12.587,2025-05-31 23:23:52.878973,6,10
162,-78.6985433,35.7296678,24.996,-0.523604691028595,-2.506197929382324,-0.02681819349527359,-8.66,-5.1,0.0,12.587,2025-05-31 23:23:53.879831,6,10
163,-78.6985998,35.72959,24.995,-0.5196919441223145,-2.4961273670196533,-0.029862698167562485,-8.65,-5.09,0.0,12.587,2025-05-31 23:23:54.881655,6,10
164,-78.6986561,35.7295124,24.995,-0.5233666300773621,-2.5011208057403564,-0.027174299582839012,-8.61,-5.07,0.0,12.587,2025-05-31 23:23:55.881981,6,10
165,-78.6987123,35.729435,24.995,-0.5213391780853271,-2.5013911724090576,-0.027743704617023468,-8.63,-5.09,0.0,12.587,2025-05-31 23:23:56.882701,6,10
166,-78.6987686,35.7293574,24.995,-0.5230897068977356,-2.498972177505493,-0.028265222907066345,-8.6,-5.07,0.0,12.587,2025-05-31 23:23:57.883316,6,10
167,-78.6988247,35.7292802,24.994,-0.5240510106086731,-2.500235080718994,-0.02752399444580078,-8.61,-5.08,0.0,12.587,2025-05-31 23:23:58.884306,6,10
168,-78.6988811,35.7292025,24.995,-0.5205044150352478,-2.5002171993255615,-0.027213554829359055,-8.6,-5.07,0.0,12.587,2025-05-31 23:23:59.885006,6,10
169,-78.6989373,35.7291251,24.995,-0.5200538635253906,-2.5000927448272705,-0.02654167264699936,-8.59,-5.07,0.0,12.587,2025-05-31 23:24:00.886267,6,10
170,-78.6989935,35.7290477,24.995,-0.5231737494468689,-2.5000555515289307,-0.02740255370736122,-8.57,-5.06,0.0,12.587,2025-05-31 23:24:01.886882,6,10
171,-78.6990494,35.7289708,24.992,-0.5263118743896484,-2.5000016689300537,-0.02800249494612217,-8.61,-5.08,0.0,12.587,2025-05-31 23:24:02.887276,6,10
172,-78.6991059,35.728893,24.994,-0.5201829075813293,-2.500523567199707,-0.0262469369918108,-8.59,-5.07,0.0,12.587,2025-05-31 23:24:03.887669,6,10
173,-78.6991621,35.7288156,24.994,-0.5219408869743347,-2.499309778213501,-0.027772238478064537,-8.6,-5.07,0.0,12.587,2025-05-31 23:24:04.888574,6,10
174,-78.6992185,35.728738,24.995,-0.5186919569969177,-2.5006966590881348,-0.02608788199722767,-8.58,-5.06,0.0,12.587,2025-05-31 23:24:05.889307,6,10
175,-78.6992745,35.7286609,24.994,-0.5227632522583008,-2.4997856616973877,-0.02724766917526722,-8.58,-5.06,0.0,12.587,2025-05-31 23:24:06.889543,6,10
176,-78.6993309,35.7285833,24.994,-0.5194777250289917,-2.4999167919158936,-0.026648659259080887,-8.57,-5.06,0.0,12.587,2025-05-31 23:24:07.890390,6,10
177,-78.6993867,35.7285064,24.994,-0.5264874696731567,-2.4999289512634277,-0.0276578888297081,-8.6,-5.07,0.0,12.587,2025-05-31 23:24:08.891080,6,10
178,-78.699443,35.7284288,24.995,-0.5214205980300903,-2.500274896621704,-0.026269419118762016,-8.61,-5.08,0.0,12.587,2025-05-31 23:24:09.892155,6,10
179,-78.6994992,35.7283515,24.995,-0.5234475135803223,-2.4996883869171143,-0.027466755360364914,-8.6,-5.07,0.0,12.587,2025-05-31 23:24:10.892953,6,10
180,-78.6995557,35.7282738,24.995,-0.5162016749382019,-2.5000953674316406,-0.02594776079058647,-8.59,-5.06,0.0,12.587,2025-05-31 23:24:11.894115,6,10
181,-78.6996116,35.7281968,24.994,-0.5260764360427856,-2.5005671977996826,-0.027683647349476814,-8.6,-5.07,0.0,12.587,2025-05-31 23:24:12.894535,6,10
182,-78.6996678,35.7281194,24.994,-0.5209700465202332,-2.5000362396240234,-0.027117593213915825,-8.62,-5.08,0.0,12.587,2025-05-31 23:24:13.894804,6,10
183,-78.6997241,35.728042,24.995,-0.5228077173233032,-2.5002009868621826,-0.027032148092985153,-8.6,-5.07,0.0,12.587,2025-05-31 23:24:14.895482,6,10
184,-78.6997805,35.7279643,24.996,-0.5159156918525696,-2.5004167556762695,-0.02662573754787445,-8.61,-5.07,0.0,12.587,2025-05-31 23:24:15.896553,6,10
185,-78.6998365,35.7278872,24.995,-0.525100588798523,-2.50020694732666,-0.02827390283346176,-8.59,-5.06,0.0,12.587,2025-05-31 23:24:16.897388,6,10
186,-78.6998927,35.7278098,24.995,-0.5176007747650146,-2.5005815029144287,-0.026937328279018402,-8.62,-5.08,0.0,12.587,2025-05-31 23:24:17.898582,6,10
187,-78.6999488,35.7277326,24.995,-0.5253546237945557,-2.500194549560547,-0.02834947034716606,-8.6,-5.07,0.0,12.587,2025-05-31 23:24:18.899079,6,10
188,-78.700005,35.7276552,24.995,-0.5095678567886353,-2.5007636547088623,-0.025876937434077263,-8.62,-5.08,0.0,12.587,2025-05-31 23:24:19.899463,6,10
189,-78.7000595,35.7275802,25.006,-0.3850889205932617,-2.5033040046691895,-0.011265043169260025,-7.92,-4.67,0.0,12.587,2025-05-31 23:24:20.899810,6,10
190,-78.7001083,35.7275132,25.001,-0.2811916172504425,-2.5040841102600098,-0.0062649608589708805,-6.89,-4.07,0.0,12.587,2025-05-31 23:24:21.900064,6,10
191,-78.7001498,35.7274565,24.99,-0.1767207831144333,-2.5048294067382812,-0.0033961462322622538,-5.71,-3.38,0.0,12.587,2025-05-31 23:24:22.900952,6,10
192,-78.7001832,35.727411,24.985,-0.0697876438498497,-2.504788398742676,0.0009406459284946322,-4.47,-2.63,0.0,12.587,2025-05-31 23:24:23.902511,6,10
193,-78.700208,35.7273768,24.986,0.028083546087145805,-2.504537343978882,0.006336480379104614,-3.13,-1.82,0.0,12.587,2025-05-31 23:24:24.903080,6,10
194,-78.7002236,35.7273553,24.989,0.13178929686546326,-2.5036680698394775,0.01384797040373087,-1.66,-0.95,0.0,12.587,2025-05-31 23:24:25.903936,6,10
195,-78.7002292,35.7273474,24.992,0.10370190441608429,-2.503171682357788,0.009881229139864445,-0.25,-0.12,-0.01,12.587,2025-05-31 23:24:26.905177,6,10
196,-78.7002285,35.7273481,24.991,0.018938222900032997,-2.504465341567993,0.0018428782932460308,0.21,0.15,0.0,12.587,2025-05-31 23:24:27.907057,6,10
197,-78.7002266,35.7273504,24.992,-0.008641490712761879,-2.5040292739868164,-0.00018727938004303724,0.18,0.12,0.0,12.587,2025-05-31 23:24:28.908937,6,10
198,-78.7002253,35.7273519,24.995,-0.008517068810760975,-2.488219738006592,0.0002330918941879645,0.09,0.06,0.0,12.587,2025-05-31 23:24:29.909690,6,10
199,-78.7002247,35.7273527,24.999,-0.0023793764412403107,-1.5302797555923462,-0.002664888510480523,0.03,0.02,0.0,12.587,2025-05-31 23:24:30.910862,6,10
200,-78.7002244,35.727353,25.001,0.0002736566821113229,-0.35797491669654846,-0.0004967309068888426,0.02,0.0,0.0,12.587,2025-05-31 23:24:31.911923,6,10
201,-78.7002243,35.7273532,25.001,-0.0001132351317210123,-1.0063297748565674,0.00016726560716051608,0.01,0.0,0.0,12.587,2025-05-31 23:24:32.913032,6,10
202,-78.7002242,35.7273533,25.001,-0.0005796324694529176,-0.7656102180480957,-0.00031458234298042953,0.01,0.0,0.0,12.587,2025-05-31 23:24:33.913988,6,10
203,-78.7002241,35.7273534,25.001,0.0003633009910117835,0.842970073223114,-9.992750710807741e-05,0.01,0.0,0.0,12.587,2025-05-31 23:24:34.914472,6,10
204,-78.700224,35.7273535,25.001,0.0009250930743291974,0.897942841053009,-0.00028442771872505546,0.0,0.0,0.0,12.587,2025-05-31 23:24:35.914788,6,10
205,-78.700224,35.7273535,25.001,-0.00015126922517083585,0.3716853857040405,-0.0006675180629827082,0.0,0.0,0.0,12.587,2025-05-31 23:24:36.915402,6,10
206,-78.700224,35.7273535,25.001,0.0008756911847740412,1.7081180810928345,-0.0002977217664010823,0.0,0.0,0.0,12.587,2025-05-31 23:24:37.916316,6,10
207,-78.7002239,35.7273535,25.001,0.0005967634497210383,2.9687530994415283,0.001070588012225926,0.0,-0.01,0.0,12.587,2025-05-31 23:24:38.916641,6,10
208,-78.7002239,35.7273535,25.001,0.0006206728867255151,-2.715740919113159,0.0009969183010980487,0.0,-0.01,0.0,12.587,2025-05-31 23:24:39.917717,6,10
209,-78.7002239,35.7273535,25.001,0.0004582787223625928,-2.312342405319214,0.0008536539389751852,0.01,0.0,0.0,12.587,2025-05-31 23:24:40.919535,6,10
210,-78.7002239,35.7273535,25.001,0.0003893300599884242,-2.7182528972625732,-1.615633664187044e-05,0.01,0.0,0.0,12.587,2025-05-31 23:24:41.921953,6,10
211,-78.700224,35.7273535,25.001,-6.915596168255433e-05,-2.587674140930176,-0.0003115100262220949,0.0,0.0,0.0,12.587,2025-05-31 23:24:42.923243,6,10
212,-78.7002241,35.7273536,25.001,-0.000466278987005353,-2.526279926300049,-0.001361775677651167,0.0,0.0,0.0,12.587,2025-05-31 23:24:43.925116,6,10
213,-78.7002241,35.7273537,25.001,-0.0011625197948887944,-2.640651226043701,-0.0011204980546608567,0.0,0.0,0.0,12.587,2025-05-31 23:24:44.926556,6,10
214,-78.7002241,35.7273538,25.002,-0.0012623374350368977,-2.68835186958313,-0.0008656649733893573,-0.01,0.0,0.0,12.587,2025-05-31 23:24:45.927020,6,10
215,-78.7002241,35.7273538,25.003,-0.0020989635959267616,2.3025872707366943,0.0006842571310698986,-0.02,0.01,0.0,12.587,2025-05-31 23:24:46.927670,6,10
216,-78.7002241,35.7273538,25.001,-0.0010427500819787383,1.667155146598816,0.0014004283584654331,-0.02,0.01,0.0,12.587,2025-05-31 23:24:47.929489,6,10
217,-78.7002241,35.7273538,25.001,-0.004863094538450241,2.2906653881073,-0.0003955477150157094,-0.02,0.01,0.0,12.587,2025-05-31 23:24:48.930194,6,10
218,-78.7002128,35.7273475,25.001,-0.32645460963249207,2.027803421020508,0.0420868955552578,-1.41,2.1,0.0,12.587,2025-05-31 23:24:49.930555,6,10
219,-78.7001896,35.7273348,25.005,-0.38757848739624023,1.909057378768921,0.08847831189632416,-2.43,3.59,0.0,12.587,2025-05-31 23:24:50.930755,6,10
220,-78.700123,35.7272984,25.002,-0.5534791946411133,2.1543240547180176,-0.0020104404538869858,-4.03,6.08,0.0,12.587,2025-05-31 23:24:51.931017,6,10
221,-78.700045,35.727256,24.995,-0.5507227778434753,1.9934427738189697,0.06810808926820755,-5.25,7.8,-0.01,12.587,2025-05-31 23:24:52.932907,6,10
222,-78.6999557,35.7272071,25.0,-0.5526256561279297,2.0700063705444336,0.018141109496355057,-5.53,8.27,0.0,12.587,2025-05-31 23:24:53.933657,6,10
223,-78.6998623,35.7271566,24.996,-0.5515406131744385,2.061741590499878,0.03104579821228981,-5.66,8.54,0.0,12.587,2025-05-31 23:24:54.934240,6,10
224,-78.6997672,35.7271052,24.996,-0.5360106825828552,2.0387930870056152,0.03570255637168884,-5.71,8.55,0.0,12.587,2025-05-31 23:24:55.935397,6,10
225,-78.6996726,35.727054,24.999,-0.5290646553039551,2.0659542083740234,0.0240690466016531,-5.66,8.49,0.0,12.587,2025-05-31 23:24:56.936507,6,10
226,-78.6995788,35.7270032,24.999,-0.5232480764389038,2.0488617420196533,0.032584477216005325,-5.6,8.39,0.0,12.587,2025-05-31 23:24:57.937121,6,10
227,-78.6994866,35.7269532,24.996,-0.5274546146392822,2.05458402633667,0.029716135933995247,-5.6,8.37,0.0,12.587,2025-05-31 23:24:58.938001,6,10
228,-78.6993941,35.726903,24.995,-0.5249300003051758,2.056056022644043,0.02871761843562126,-5.59,8.36,0.0,12.587,2025-05-31 23:24:59.939078,6,10
229,-78.6993021,35.7268531,24.995,-0.525728166103363,2.051380157470703,0.03006712719798088,-5.59,8.35,0.0,12.587,2025-05-31 23:25:00.940257,6,10
230,-78.6992095,35.7268028,24.995,-0.5200651288032532,2.0566720962524414,0.026730097830295563,-5.56,8.32,0.0,12.587,2025-05-31 23:25:01.940785,6,10
231,-78.6991177,35.726753,24.994,-0.5238717794418335,2.053701877593994,0.028937790542840958,-5.56,8.32,0.0,12.587,2025-05-31 23:25:02.941055,6,10
232,-78.6990256,35.726703,24.993,-0.5233175754547119,2.054600477218628,0.02900613658130169,-5.55,8.31,0.0,12.587,2025-05-31 23:25:03.941400,6,10
233,-78.6989343,35.7266534,24.992,-0.5302461385726929,2.0541443824768066,0.029664626345038414,-5.58,8.34,0.0,12.587,2025-05-31 23:25:04.941922,6,10
234,-78.6988419,35.7266032,24.994,-0.5232716798782349,2.0542378425598145,0.027559656649827957,-5.58,8.35,0.0,12.587,2025-05-31 23:25:05.942206,6,10
235,-78.6987497,35.7265531,24.995,-0.5235982537269592,2.0547034740448,0.027564888820052147,-5.56,8.33,0.0,12.587,2025-05-31 23:25:06.943203,6,10
236,-78.6986573,35.7265029,24.996,-0.5170153379440308,2.054445743560791,0.02737865410745144,-5.55,8.3,0.0,12.587,2025-05-31 23:25:07.943626,6,10
237,-78.6985656,35.7264532,24.995,-0.5243842601776123,2.0545554161071777,0.02804544009268284,-5.54,8.3,0.0,12.587,2025-05-31 23:25:08.944571,6,10
238,-78.6984738,35.7264034,24.994,-0.5233040452003479,2.053746461868286,0.02802959270775318,-5.56,8.32,0.0,12.587,2025-05-31 23:25:09.945090,6,10
239,-78.6983821,35.7263536,24.993,-0.5268319845199585,2.054443120956421,0.02834402769804001,-5.57,8.33,0.0,12.587,2025-05-31 23:25:10.946284,6,10
240,-78.6982897,35.7263034,24.995,-0.518760621547699,2.0546557903289795,0.026383286342024803,-5.57,8.34,0.0,12.587,2025-05-31 23:25:11.946860,6,10
241,-78.6981978,35.7262534,24.995,-0.523420512676239,2.0545690059661865,0.027087237685918808,-5.55,8.31,0.0,12.587,2025-05-31 23:25:12.947315,6,10
242,-78.6981058,35.7262035,24.995,-0.5208919048309326,2.0544488430023193,0.026688942685723305,-5.56,8.32,0.0,12.587,2025-05-31 23:25:13.948040,6,10
243,-78.6980141,35.7261537,24.995,-0.526673436164856,2.0546305179595947,0.02772730216383934,-5.56,8.32,0.0,12.587,2025-05-31 23:25:14.948303,6,10
244,-78.697922,35.7261038,24.995,-0.5225344896316528,2.0545973777770996,0.02671121433377266,-5.57,8.34,0.0,12.587,2025-05-31 23:25:15.948816,6,10
245,-78.6978299,35.7260537,24.995,-0.523430347442627,2.0545778274536133,0.0269965548068285,-5.56,8.32,0.0,12.587,2025-05-31 23:25:16.949343,6,10
246,-78.6977377,35.7260037,24.995,-0.5194507241249084,2.054511070251465,0.026333093643188477,-5.56,8.32,0.0,12.587,2025-05-31 23:25:17.950620,6,10
247,-78.6976458,35.7259538,24.995,-0.5245780348777771,2.054621696472168,0.02696283347904682,-5.54,8.29,0.0,12.587,2025-05-31 23:25:18.951008,6,10
248,-78.6975543,35.7259041,24.993,-0.527003824710846,2.054046154022217,0.027829540893435478,-5.57,8.33,0.0,12.587,2025-05-31 23:25:19.952733,6,10
249,-78.6974621,35.725854,24.995,-0.5246130228042603,2.0546860694885254,0.02648398093879223,-5.56,8.33,0.0,12.587,2025-05-31 23:25:20.953730,6,10
250,-78.6973701,35.7258041,24.995,-0.5243757963180542,2.054548978805542,0.027116399258375168,-5.57,8.33,0.0,12.587,2025-05-31 23:25:21.955326,6,10
251,-78.6972777,35.7257539,24.996,-0.5207772850990295,2.054029941558838,0.0261823832988739,-5.55,8.3,0.0,12.587,2025-05-31 23:25:22.955737,6,10
252,-78.6971859,35.7257041,24.995,-0.5227876901626587,2.0548834800720215,0.026333685964345932,-5.55,8.31,0.0,12.587,2025-05-31 23:25:23.956334,6,10
253,-78.6970942,35.7256543,24.995,-0.5263659954071045,2.0542287826538086,0.026590222492814064,-5.55,8.31,0.0,12.587,2025-05-31 23:25:24.956985,6,10
254,-78.6970026,35.7256045,24.995,-0.5278818607330322,2.054185152053833,0.026463119313120842,-5.57,8.34,0.0,12.587,2025-05-31 23:25:25.957910,6,10
255,-78.69691,35.7255542,24.996,-0.5205668210983276,2.05507230758667,0.025752421468496323,-5.56,8.32,0.0,12.587,2025-05-31 23:25:26.958397,6,10
256,-78.6968181,35.7255044,24.995,-0.5233874320983887,2.0543582439422607,0.026738112792372704,-5.56,8.32,0.0,12.587,2025-05-31 23:25:27.958595,6,10
257,-78.6967257,35.7254542,24.996,-0.5194498896598816,2.0547335147857666,0.025906991213560104,-5.54,8.3,0.0,12.587,2025-05-31 23:25:28.959722,6,10
258,-78.6966342,35.7254045,24.995,-0.525297999382019,2.054677724838257,0.026606515049934387,-5.55,8.31,0.0,12.587,2025-05-31 23:25:29.960425,6,10
259,-78.6965423,35.7253546,24.995,-0.5251922607421875,2.0544064044952393,0.026724062860012054,-5.56,8.32,0.0,12.587,2025-05-31 23:25:30.961400,6,10
260,-78.6964506,35.7253048,24.995,-0.5277969837188721,2.0549211502075195,0.026554862037301064,-5.57,8.34,0.0,12.587,2025-05-31 23:25:31.961712,6,10
261,-78.6963581,35.7252546,24.996,-0.5192953944206238,2.0544581413269043,0.02548973076045513,-5.56,8.33,0.0,12.587,2025-05-31 23:25:32.962116,6,10
262,-78.6962662,35.7252047,24.995,-0.5247959494590759,2.0545802116394043,0.025689683854579926,-5.55,8.31,0.0,12.587,2025-05-31 23:25:33.962437,6,10
263,-78.6961742,35.7251548,24.996,-0.5215530395507812,2.0545763969421387,0.02572724036872387,-5.55,8.31,0.0,12.587,2025-05-31 23:25:34.962742,6,10
264,-78.6960826,35.725105,24.997,-0.5273281931877136,2.054216146469116,0.026794511824846268,-5.56,8.32,0.0,12.587,2025-05-31 23:25:35.963960,6,10
265,-78.6959902,35.7250549,24.997,-0.5191440582275391,2.0549020767211914,0.02569340169429779,-5.57,8.33,0.0,12.587,2025-05-31 23:25:36.964418,6,10
266,-78.6958983,35.725005,24.997,-0.5241389274597168,2.054144859313965,0.026324186474084854,-5.55,8.31,0.0,12.587,2025-05-31 23:25:37.965768,6,10
267,-78.6958061,35.7249549,24.996,-0.5180495381355286,2.0548362731933594,0.025022432208061218,-5.56,8.32,0.0,12.587,2025-05-31 23:25:38.966148,6,10
268,-78.6957145,35.7249052,24.997,-0.5265802145004272,2.0541598796844482,0.027143897488713264,-5.55,8.3,0.0,12.587,2025-05-31 23:25:39.967681,6,10
269,-78.6956226,35.7248553,24.995,-0.5232095718383789,2.0545735359191895,0.02609746903181076,-5.57,8.34,0.0,12.587,2025-05-31 23:25:40.967957,6,10
270,-78.6955306,35.7248053,24.996,-0.5246820449829102,2.054436445236206,0.026511866599321365,-5.56,8.33,0.0,12.587,2025-05-31 23:25:41.969394,6,10
271,-78.6954383,35.7247552,24.996,-0.5209426283836365,2.0548057556152344,0.025550594553351402,-5.56,8.33,0.0,12.587,2025-05-31 23:25:42.970153,6,10
272,-78.6953462,35.7247052,24.998,-0.5215022563934326,2.0544722080230713,0.02619866281747818,-5.54,8.3,0.0,12.587,2025-05-31 23:25:43.971009,6,10
273,-78.6952543,35.7246554,24.996,-0.5230682492256165,2.0545990467071533,0.02680088020861149,-5.55,8.31,0.0,12.587,2025-05-31 23:25:44.972071,6,10
274,-78.6951627,35.7246056,24.995,-0.5276679992675781,2.054436445236206,0.02682625874876976,-5.56,8.31,0.0,12.587,2025-05-31 23:25:45.972272,6,10
275,-78.695071,35.7245557,24.995,-0.5276625156402588,2.0544819831848145,0.02584882825613022,-5.58,8.35,0.0,12.587,2025-05-31 23:25:46.973261,6,10
276,-78.6949784,35.7245055,24.997,-0.5220683813095093,2.054596424102783,0.0253854151815176,-5.55,8.32,0.0,12.587,2025-05-31 23:25:47.974319,6,10
277,-78.6948864,35.7244556,24.998,-0.5224897265434265,2.054534435272217,0.02622036449611187,-5.55,8.32,0.0,12.587,2025-05-31 23:25:48.974636,6,10
278,-78.6947944,35.7244056,24.997,-0.5215872526168823,2.054842948913574,0.025437958538532257,-5.55,8.3,0.0,12.587,2025-05-31 23:25:49.975083,6,10
279,-78.6947026,35.7243558,24.995,-0.5239606499671936,2.0539183616638184,0.027147315442562103,-5.55,8.32,0.0,12.587,2025-05-31 23:25:50.975292,6,10
280,-78.6946107,35.7243059,24.995,-0.5248487591743469,2.0546326637268066,0.026396414265036583,-5.56,8.32,0.0,12.587,2025-05-31 23:25:51.976270,6,10
281,-78.694519,35.724256,24.996,-0.526486873626709,2.054471969604492,0.02622484788298607,-5.57,8.34,0.0,12.587,2025-05-31 23:25:52.977591,6,10
282,-78.6944265,35.7242058,24.999,-0.5201773643493652,2.0544230937957764,0.02518695779144764,-5.55,8.32,0.0,12.587,2025-05-31 23:25:53.978591,6,10
283,-78.6943347,35.724156,24.997,-0.5251174569129944,2.0549259185791016,0.026453359052538872,-5.55,8.32,0.0,12.587,2025-05-31 23:25:54.979386,6,10
284,-78.6942427,35.7241061,24.996,-0.5240082144737244,2.054370164871216,0.026824558153748512,-5.55,8.31,0.0,12.587,2025-05-31 23:25:55.980052,6,10
285,-78.6941511,35.7240563,24.995,-0.528059184551239,2.0543177127838135,0.027561413124203682,-5.57,8.33,0.0,12.587,2025-05-31 23:25:56.980786,6,10
286,-78.6940586,35.7240061,24.997,-0.5193873643875122,2.0547666549682617,0.024893449619412422,-5.56,8.32,0.0,12.587,2025-05-31 23:25:57.981407,6,10
287,-78.6939668,35.7239562,24.998,-0.5252736806869507,2.054533004760742,0.026426993310451508,-5.55,8.31,0.0,12.587,2025-05-31 23:25:58.981741,6,10
288,-78.6938747,35.7239063,24.997,-0.5201889276504517,2.054767608642578,0.02631210908293724,-5.55,8.32,0.0,12.587,2025-05-31 23:25:59.982058,6,10
289,-78.693783,35.7238565,24.995,-0.5272679328918457,2.054384708404541,0.0273707564920187,-5.56,8.32,0.0,12.587,2025-05-31 23:26:00.982391,6,10
290,-78.6936907,35.7238063,24.996,-0.516446053981781,2.054879665374756,0.02483658492565155,-5.57,8.33,0.0,12.587,2025-05-31 23:26:01.982846,6,10
291,-78.6935989,35.7237565,24.998,-0.525033712387085,2.054443359375,0.026436449959874153,-5.55,8.31,0.0,12.587,2025-05-31 23:26:02.983064,6,10
292,-78.6935068,35.7237065,24.998,-0.5112190842628479,2.054763078689575,0.025056568905711174,-5.56,8.32,0.0,12.587,2025-05-31 23:26:03.983399,6,10
293,-78.6934176,35.7236581,25.008,-0.3901309669017792,2.057386875152588,0.010791572742164135,-5.12,7.67,0.0,12.587,2025-05-31 23:26:04.984074,6,10
294,-78.6933377,35.7236149,25.001,-0.28682467341423035,2.0584936141967773,0.005876253824681044,-4.46,6.71,0.0,12.587,2025-05-31 23:26:05.984469,6,10
295,-78.6932697,35.7235782,24.991,-0.18248052895069122,2.0585155487060547,0.0029112815391272306,-3.72,5.59,0.0,12.587,2025-05-31 23:26:06.986361,6,10
296,-78.6932145,35.7235485,24.985,-0.07186988741159439,2.0590744018554688,-0.0011138948611915112,-2.91,4.36,0.0,12.587,2025-05-31 23:26:07.987262,6,10
297,-78.6931734,35.7235262,24.985,0.025524968281388283,2.05820631980896,-0.006767979357391596,-2.04,3.04,0.0,12.587,2025-05-31 23:26:08.987539,6,10
298,-78.6931475,35.723512,24.989,0.12689730525016785,2.0571584701538086,-0.01385461911559105,-1.1,1.63,-0.01,12.587,2025-05-31 23:26:09.988185,6,10
299,-78.6931378,35.7235066,24.991,0.10608246922492981,2.0580251216888428,-0.010572930797934532,-0.18,0.25,-0.01,12.587,2025-05-31 23:26:10.989218,6,10
300,-78.6931387,35.7235068,24.99,0.01932823844254017,2.0578179359436035,-0.0033645189832895994,0.13,-0.21,0.0,12.587,2025-05-31 23:26:11.991157,6,10
301,-78.6931417,35.7235082,24.992,-0.008865801617503166,2.0583527088165283,-0.0020425491966307163,0.12,-0.17,0.0,12.587,2025-05-31 23:26:12.993069,6,10
302,-78.6931438,35.7235091,24.996,-0.008566204458475113,2.1119894981384277,-0.003344644093886018,0.07,-0.07,0.0,12.587,2025-05-31 23:26:13.994224,6,10
303,-78.6931447,35.7235095,24.999,0.0013598420191556215,-3.0393154621124268,-0.004699294921010733,0.05,-0.01,0.0,12.587,2025-05-31 23:26:14.994656,6,10
304,-78.6931451,35.7235098,25.001,0.002311083022505045,-1.9156807661056519,0.00033443799475207925,0.04,0.0,0.0,12.587,2025-05-31 23:26:15.995340,6,10
305,-78.6931453,35.72351,25.002,0.0005541140562854707,-1.2568095922470093,0.0005967551842331886,0.03,0.0,0.0,12.587,2025-05-31 23:26:16.995605,6,10
306,-78.6931453,35.7235102,25.001,0.0006964504136703908,-0.5340442657470703,-5.3217486311041284e-06,0.01,0.0,0.0,12.587,2025-05-31 23:26:17.995934,6,10
307,-78.6931453,35.7235103,25.001,0.001258213073015213,0.4493022561073303,-0.00027429635520093143,0.0,0.0,0.0,12.587,2025-05-31 23:26:18.996284,6,10
308,-78.6931453,35.7235103,25.001,0.001411557663232088,0.9887223839759827,-0.0007282209116965532,0.0,-0.01,0.0,12.587,2025-05-31 23:26:19.996552,6,10
309,-78.6931452,35.7235103,25.002,0.0004069915448781103,0.39937520027160645,-0.0018278814386576414,0.0,-0.02,0.0,12.587,2025-05-31 23:26:20.997396,6,10
310,-78.6931452,35.7235103,25.002,0.0008032737532630563,1.0175739526748657,-0.0012540422612801194,0.0,-0.02,0.0,12.587,2025-05-31 23:26:21.999383,6,10
311,-78.6931453,35.7235103,25.004,0.001104899449273944,2.575334072113037,0.0008691470138728619,0.0,-0.02,0.0,12.587,2025-05-31 23:26:23.000210,6,10
312,-78.6931453,35.7235103,25.003,0.0015922862803563476,2.2605209350585938,4.006511517218314e-05,0.01,-0.02,0.0,12.587,2025-05-31 23:26:24.001066,6,10
313,-78.6931454,35.7235103,25.002,0.0007410903926938772,1.7860585451126099,-0.0010182627011090517,0.01,-0.02,0.0,12.587,2025-05-31 23:26:25.002102,6,10
314,-78.6931455,35.7235102,25.001,0.00027792324544861913,2.217427968978882,-0.0018205768428742886,0.01,-0.01,0.0,12.587,2025-05-31 23:26:26.004095,6,10
315,-78.6931457,35.7235102,25.001,-0.000829119177069515,2.1119210720062256,-0.0019200348760932684,0.02,0.0,0.0,12.587,2025-05-31 23:26:27.005788,6,10
316,-78.6931458,35.7235102,25.001,-0.0010182171827182174,2.021310329437256,-0.0014617481501773,0.01,0.01,0.0,12.587,2025-05-31 23:26:28.007764,6,10
317,-78.6931458,35.7235102,25.003,-0.0010337992571294308,2.151848554611206,-0.0016911233542487025,0.01,0.01,0.0,12.587,2025-05-31 23:26:29.009753,6,10
318,-78.6931459,35.7235102,25.003,-0.0010283465962857008,1.913962483406067,-0.0017341587226837873,0.01,0.02,0.0,12.587,2025-05-31 23:26:30.010580,6,10
319,-78.6931459,35.7235102,25.001,-0.0014278898015618324,0.5742359161376953,0.0008923167479224503,0.01,0.02,0.0,12.587,2025-05-31 23:26:31.011744,6,10
320,-78.6931459,35.7235103,25.001,0.0010233590146526694,-0.6127901673316956,0.0021075946278870106,0.01,0.02,0.0,12.587,2025-05-31 23:26:32.012493,6,10
321,-78.6931471,35.7235117,24.999,-0.2807365953922272,-0.9771108031272888,0.10205426812171936,0.77,-0.53,0.0,12.587,2025-05-31 23:26:33.014688,6,10
322,-78.693161,35.7235275,25.003,-0.36222338676452637,-0.5588555932044983,-0.027268553152680397,2.8,-2.01,0.0,12.587,2025-05-31 23:26:34.015096,6,10
323,-78.6931907,35.723561,25.007,-0.47586679458618164,-0.7272892594337463,0.03950539976358414,4.73,-3.44,0.0,12.587,2025-05-31 23:26:35.015902,6,10
324,-78.6932362,35.7236124,25.0,-0.6007245779037476,-0.7589870095252991,0.05183872953057289,6.71,-4.86,0.01,12.587,2025-05-31 23:26:36.017080,6,10
325,-78.6932958,35.7236791,25.004,-0.5511466264724731,-0.6582424640655518,0.0005635096458718181,7.79,-5.75,0.0,12.587,2025-05-31 23:26:37.017539,6,10
326,-78.693361,35.7237512,25.001,-0.5531147718429565,-0.7468218207359314,0.040746159851551056,8.14,-5.95,0.0,12.587,2025-05-31 23:26:38.018163,6,10
327,-78.6934275,35.7238254,25.001,-0.5485659837722778,-0.6996437311172485,0.013059127144515514,8.31,-6.08,0.0,12.587,2025-05-31 23:26:39.019045,6,10
328,-78.6934951,35.7239002,25.002,-0.5358072519302368,-0.7084733247756958,0.021967817097902298,8.27,-6.07,0.0,12.587,2025-05-31 23:26:40.019907,6,10
329,-78.6935617,35.7239742,25.002,-0.5303367376327515,-0.7196592092514038,0.023139676079154015,8.24,-6.0,0.0,12.587,2025-05-31 23:26:41.020937,6,10
330,-78.693628,35.724048,25.0,-0.5248653888702393,-0.7054458260536194,0.017304979264736176,8.16,-5.96,0.0,12.587,2025-05-31 23:26:42.022100,6,10
331,-78.6936933,35.7241206,24.998,-0.5303734540939331,-0.7141774296760559,0.022832974791526794,8.15,-5.94,0.0,12.587,2025-05-31 23:26:43.023085,6,10
332,-78.6937589,35.7241938,24.998,-0.5238615274429321,-0.7112019062042236,0.01934402622282505,8.12,-5.91,0.0,12.587,2025-05-31 23:26:44.023577,6,10
333,-78.6938238,35.7242662,24.995,-0.5301805138587952,-0.710436224937439,0.019887078553438187,8.12,-5.92,0.0,12.587,2025-05-31 23:26:45.023987,6,10
334,-78.6938893,35.7243391,24.995,-0.5244240760803223,-0.7116305828094482,0.01915852166712284,8.12,-5.92,0.0,12.587,2025-05-31 23:26:46.025103,6,10
335,-78.6939544,35.7244117,24.995,-0.5258578658103943,-0.7112898826599121,0.019249416887760162,8.1,-5.91,0.0,12.587,2025-05-31 23:26:47.026212,6,10
336,-78.6940199,35.7244847,24.996,-0.5215105414390564,-0.7110811471939087,0.018621107563376427,8.08,-5.9,0.0,12.587,2025-05-31 23:26:48.026671,6,10
337,-78.6940845,35.7245567,24.994,-0.5318078994750977,-0.7114071249961853,0.019715990871191025,8.1,-5.91,0.0,12.587,2025-05-31 23:26:49.027773,6,10
338,-78.6941499,35.7246296,24.996,-0.5227060317993164,-0.7114596366882324,0.01871533878147602,8.11,-5.92,0.0,12.587,2025-05-31 23:26:50.028483,6,10
339,-78.6942151,35.7247022,24.998,-0.5260331630706787,-0.7113768458366394,0.018733713775873184,8.09,-5.91,0.0,12.587,2025-05-31 23:26:51.029537,6,10
340,-78.6942804,35.724775,24.998,-0.5217744708061218,-0.7107701897621155,0.018076326698064804,8.08,-5.9,0.0,12.587,2025-05-31 23:26:52.030440,6,10
341,-78.6943456,35.7248475,24.996,-0.52564537525177,-0.7115707993507385,0.019175464287400246,8.08,-5.9,0.0,12.587,2025-05-31 23:26:53.031098,6,10
342,-78.6944109,35.7249203,24.996,-0.518880307674408,-0.7113034725189209,0.018530188128352165,8.08,-5.9,0.0,12.587,2025-05-31 23:26:54.031950,6,10
343,-78.6944757,35.7249925,24.995,-0.5286843776702881,-0.7113789319992065,0.019014690071344376,8.08,-5.9,0.0,12.587,2025-05-31 23:26:55.033258,6,10
344,-78.6945408,35.7250651,24.995,-0.5254213809967041,-0.7113384008407593,0.018054410815238953,8.11,-5.92,0.0,12.587,2025-05-31 23:26:56.033743,6,10
345,-78.6946061,35.7251378,24.997,-0.5260540843009949,-0.7115346193313599,0.018566669896245003,8.09,-5.91,0.0,12.587,2025-05-31 23:26:57.034307,6,10
346,-78.6946714,35.7252106,24.997,-0.5209998488426208,-0.7117587924003601,0.017836280167102814,8.09,-5.91,0.0,12.587,2025-05-31 23:26:58.035101,6,10
347,-78.6947365,35.7252831,24.995,-0.5278656482696533,-0.7108293771743774,0.018170183524489403,8.07,-5.9,0.0,12.587,2025-05-31 23:26:59.035777,6,10
348,-78.6948015,35.7253555,24.995,-0.5279951095581055,-0.7118045687675476,0.018887335434556007,8.1,-5.91,0.0,12.587,2025-05-31 23:27:00.036101,6,10
349,-78.6948668,35.7254283,24.997,-0.5253244042396545,-0.7110069394111633,0.018057992681860924,8.09,-5.91,0.0,12.587,2025-05-31 23:27:01.036378,6,10
350,-78.694932,35.7255009,24.998,-0.5249866247177124,-0.7118207812309265,0.018141739070415497,8.09,-5.91,0.0,12.587,2025-05-31 23:27:02.036905,6,10
351,-78.6949974,35.7255737,24.997,-0.5240952372550964,-0.7109960913658142,0.017682505771517754,8.06,-5.89,0.0,12.587,2025-05-31 23:27:03.037462,6,10
352,-78.6950622,35.7256459,24.995,-0.5284318923950195,-0.7116986513137817,0.018902620300650597,8.09,-5.91,0.0,12.587,2025-05-31 23:27:04.038506,6,10
353,-78.6951275,35.7257187,24.997,-0.5256905555725098,-0.7112882137298584,0.017936386168003082,8.08,-5.9,0.0,12.587,2025-05-31 23:27:05.038790,6,10
354,-78.6951925,35.725791,24.997,-0.527942419052124,-0.7113379240036011,0.018537482246756554,8.1,-5.91,0.0,12.587,2025-05-31 23:27:06.040449,6,10
355,-78.6952579,35.7258639,24.997,-0.5239096879959106,-0.7112684845924377,0.01753704994916916,8.09,-5.91,0.0,12.587,2025-05-31 23:27:07.041441,6,10
356,-78.695323,35.7259366,24.996,-0.5245988368988037,-0.7113343477249146,0.017580538988113403,8.08,-5.9,0.0,12.587,2025-05-31 23:27:08.042023,6,10
357,-78.6953884,35.7260093,24.998,-0.5235732197761536,-0.7108452916145325,0.017621129751205444,8.06,-5.89,0.0,12.587,2025-05-31 23:27:09.042355,6,10
358,-78.695453,35.7260813,24.996,-0.5308102369308472,-0.7116504311561584,0.018953396007418633,8.09,-5.91,0.0,12.587,2025-05-31 23:27:10.044106,6,10
359,-78.6955184,35.7261542,24.996,-0.5241333246231079,-0.7113385200500488,0.01741517148911953,8.1,-5.92,0.0,12.587,2025-05-31 23:27:11.044325,6,10
360,-78.6955837,35.7262269,24.997,-0.5249350070953369,-0.7114225625991821,0.017817238345742226,8.09,-5.91,0.0,12.587,2025-05-31 23:27:12.045009,6,10
361,-78.6956492,35.7262999,24.999,-0.5187023878097534,-0.711089551448822,0.01740403287112713,8.07,-5.89,0.0,12.587,2025-05-31 23:27:13.045439,6,10
362,-78.6957141,35.7263722,24.996,-0.526572585105896,-0.7115899920463562,0.01804691180586815,8.07,-5.89,0.0,12.587,2025-05-31 23:27:14.045999,6,10
363,-78.6957793,35.7264448,24.996,-0.521864652633667,-0.7114412784576416,0.01791825145483017,8.07,-5.89,0.0,12.587,2025-05-31 23:27:15.046363,6,10
364,-78.6958441,35.726517,24.995,-0.5302646160125732,-0.7111557126045227,0.019032727926969528,8.09,-5.91,0.0,12.587,2025-05-31 23:27:16.046808,6,10
365,-78.6959093,35.7265897,24.996,-0.5248254537582397,-0.7115371823310852,0.018230142071843147,8.11,-5.92,0.0,12.587,2025-05-31 23:27:17.047432,6,10
366,-78.6959746,35.7266624,24.998,-0.5260134935379028,-0.7109509110450745,0.017604317516088486,8.09,-5.91,0.0,12.587,2025-05-31 23:27:18.048349,6,10
367,-78.6960401,35.7267354,24.999,-0.5184054374694824,-0.7120060920715332,0.01749616116285324,8.09,-5.9,0.0,12.587,2025-05-31 23:27:19.048579,6,10
368,-78.6961049,35.7268076,24.998,-0.5280303955078125,-0.7110223770141602,0.018325593322515488,8.07,-5.9,0.0,12.587,2025-05-31 23:27:20.049164,6,10
369,-78.69617,35.7268802,24.996,-0.5251271724700928,-0.7113289833068848,0.01789497211575508,8.1,-5.91,0.0,12.587,2025-05-31 23:27:21.049547,6,10
370,-78.6962348,35.7269524,25.003,-0.43520399928092957,-0.7102048993110657,0.009286816231906414,7.82,-5.71,-0.01,12.587,2025-05-31 23:27:22.049997,6,10
371,-78.6962947,35.727019,25.006,-0.33198270201683044,-0.7092326283454895,0.003943152725696564,6.94,-5.08,0.0,12.587,2025-05-31 23:27:23.051298,6,10
372,-78.696347,35.7270769,24.996,-0.2277327924966812,-0.7090531587600708,0.0022817414719611406,5.88,-4.31,0.0,12.587,2025-05-31 23:27:24.051642,6,10
373,-78.69639,35.7271245,24.987,-0.1195218563079834,-0.7089492678642273,-0.0005778142367489636,4.75,-3.47,0.0,12.587,2025-05-31 23:27:25.052708,6,10
374,-78.6964235,35.7271616,24.984,-0.016813436523079872,-0.709001898765564,-0.004030768759548664,3.52,-2.56,0.0,12.587,2025-05-31 23:27:26.053055,6,10
375,-78.6964466,35.7271873,24.986,0.07770143449306488,-0.710233747959137,-0.008199588395655155,2.22,-1.61,-0.01,12.587,2025-05-31 23:27:27.053347,6,10
376,-78.6964584,35.7272006,24.99,0.13802595436573029,-0.33330705761909485,0.042379483580589294,0.75,-0.54,-0.01,12.587,2025-05-31 23:27:28.055390,6,10
377,-78.6964601,35.7272028,24.99,-0.010742135345935822,1.1566215753555298,0.04939715936779976,-0.09,0.08,0.0,12.587,2025-05-31 23:27:29.056283,6,10
378,-78.6964579,35.7272008,24.989,-0.00330164167098701,2.1790452003479004,0.0012578879250213504,-0.21,0.15,0.0,12.587,2025-05-31 23:27:30.056768,6,10
379,-78.6964486,35.727196,24.984,-0.31371191143989563,2.010133743286133,0.00760556198656559,-1.02,1.85,0.0,12.587,2025-05-31 23:27:31.057827,6,10
380,-78.6964162,35.7271817,24.983,-0.382323682308197,1.721572756767273,0.10927925258874893,-2.1,3.98,0.0,12.587,2025-05-31 23:27:32.058269,6,10
381,-78.6963671,35.7271608,24.984,-0.13706500828266144,2.0013587474823,-0.011186812072992325,-2.22,4.37,0.0,12.587,2025-05-31 23:27:33.058784,6,10
382,-78.696322,35.7271424,24.97,-0.031095778569579124,1.8784762620925903,-0.002992796478793025,-1.75,3.52,0.0,12.587,2025-05-31 23:27:34.060395,6,10
383,-78.6962889,35.7271291,24.971,0.08814574778079987,1.8722368478775024,-0.017644627019762993,-1.12,2.25,0.0,12.587,2025-05-31 23:27:35.061015,6,10
384,-78.6962738,35.7271231,24.632,0.11253485083580017,1.9356427192687988,-0.007173460908234119,-0.25,0.5,0.86,12.587,2025-05-31 23:27:36.061651,6,10
385,-78.6962716,35.7271223,23.285,0.028320258483290672,1.877834677696228,-0.0012032375670969486,-0.02,-0.01,1.58,12.587,2025-05-31 23:27:37.062234,6,10
386,-78.6962729,35.7271224,21.721,-0.0001557663199491799,1.8994332551956177,-0.001092388411052525,0.02,-0.1,1.45,12.587,2025-05-31 23:27:38.063357,6,10
387,-78.6962744,35.7271227,20.229,-0.008249392732977867,1.9074294567108154,-0.002655714750289917,0.02,-0.04,1.44,12.587,2025-05-31 23:27:39.064132,6,10
388,-78.6962751,35.7271229,18.734,-0.006162688601762056,1.8898193836212158,-0.0020093214698135853,0.01,0.01,1.45,12.587,2025-05-31 23:27:40.065029,6,10
389,-78.6962753,35.7271229,17.235,-0.0021597500890493393,1.902576208114624,-0.0016902043716982007,0.01,0.03,1.45,12.587,2025-05-31 23:27:41.065332,6,10
390,-78.6962753,35.7271229,15.744,-0.00039428353193216026,1.8991011381149292,-0.00167511822655797,0.01,0.02,1.45,12.587,2025-05-31 23:27:42.066072,6,10
391,-78.6962753,35.7271229,14.251,0.000657728232908994,1.8973199129104614,-0.001334771397523582,0.02,0.01,1.46,12.587,2025-05-31 23:27:43.066375,6,10
392,-78.6962753,35.727123,12.754,0.0002157749404432252,1.8999593257904053,-0.0012053506216034293,0.02,0.0,1.47,12.587,2025-05-31 23:27:44.067006,6,10
393,-78.6962753,35.727123,11.255,0.0006294554914347827,1.8982055187225342,-0.0012171316193416715,0.02,0.0,1.4,12.587,2025-05-31 23:27:45.067997,6,10
394,-78.6962753,35.727123,10.308,3.699304215842858e-05,1.8994414806365967,-0.0012646025279536843,0.02,0.0,0.46,12.587,2025-05-31 23:27:46.068272,6,10
395,-78.6962753,35.727123,9.886,-0.0001720628933981061,1.898884654045105,-0.0013160075759515166,0.01,0.0,0.47,12.587,2025-05-31 23:27:47.068590,6,10
396,-78.6962754,35.727123,9.39,-0.0008477283408865333,1.8989084959030151,-0.0009339078678749502,0.01,0.0,0.52,12.587,2025-05-31 23:27:48.069105,6,10
397,-78.6962754,35.7271231,8.881,-0.0006490248488262296,1.899045705795288,-0.0011779096676036716,0.01,0.01,0.51,12.587,2025-05-31 23:27:49.069911,6,10
398,-78.6962754,35.7271231,8.378,-0.0003209526767022908,1.8990974426269531,-0.0008605162729509175,0.01,0.01,0.5,12.587,2025-05-31 23:27:50.071067,6,10
399,-78.6962754,35.7271231,7.875,1.6969715943560004e-06,1.899254560470581,-0.00016863137716427445,0.01,0.01,0.5,12.587,2025-05-31 23:27:51.071644,6,10
400,-78.6962755,35.7271231,7.374,-0.0019183107651770115,1.8992987871170044,-0.0017242957837879658,0.0,0.01,0.5,12.587,2025-05-31 23:27:52.072578,6,10
401,-78.6962755,35.7271231,6.873,-0.0006147123058326542,1.8990869522094727,-0.0007559666992165148,0.0,0.02,0.5,12.587,2025-05-31 23:27:53.072827,6,10
402,-78.6962755,35.7271231,6.371,-0.0003734961210284382,1.8994174003601074,-0.0008813035092316568,0.01,0.01,0.5,12.587,2025-05-31 23:27:54.073157,6,10
403,-78.6962755,35.7271231,5.869,-0.00025192523025907576,1.8995349407196045,-0.0009539388702251017,0.01,0.01,0.5,12.587,2025-05-31 23:27:55.074134,6,10
404,-78.6962755,35.7271231,5.368,6.137214950285852e-05,1.899114966392517,-0.0008946667658165097,0.0,0.01,0.49,12.587,2025-05-31 23:27:56.074878,6,10
405,-78.6962755,35.7271231,4.866,-0.0004727246705442667,1.8993878364562988,-0.0011959095718339086,0.01,0.01,0.49,12.587,2025-05-31 23:27:57.075108,6,10
406,-78.6962755,35.7271231,4.366,-0.0003890896332450211,1.8994613885879517,-0.0013764980249106884,0.01,0.01,0.49,12.587,2025-05-31 23:27:58.075488,6,10
407,-78.6962755,35.7271231,3.865,-0.0005592742236331105,1.899053692817688,-0.0009672135929577053,0.01,0.01,0.49,12.587,2025-05-31 23:27:59.076179,6,10
408,-78.6962755,35.7271231,3.365,-0.0015193650033324957,1.8996518850326538,-0.0012788783060386777,0.01,0.01,0.49,12.587,2025-05-31 23:28:00.077012,6,10
409,-78.6962755,35.7271231,2.864,-0.000930590380448848,1.8995896577835083,-0.0005579967400990427,0.01,0.01,0.49,12.587,2025-05-31 23:28:01.077616,6,10
410,-78.6962755,35.7271231,2.363,-0.0009604062652215362,1.8991780281066895,-0.000598926970269531,0.0,0.01,0.49,12.587,2025-05-31 23:28:02.078542,6,10
411,-78.6962755,35.7271231,1.863,-0.000863830849993974,1.8994553089141846,-0.0008546423050574958,0.0,0.01,0.49,12.587,2025-05-31 23:28:03.078995,6,10
412,-78.6962755,35.7271231,1.364,-0.00020213954849168658,1.8995915651321411,-0.0007269439520314336,0.0,0.01,0.49,12.587,2025-05-31 23:28:04.079880,6,10
413,-78.6962755,35.7271231,0.864,-0.00034066385705955327,1.8997161388397217,-0.0006390893249772489,0.0,0.01,0.49,12.587,2025-05-31 23:28:05.080745,6,10
414,-78.6962755,35.7271231,0.362,-0.0004178539093118161,1.8998292684555054,-0.0009429912897758186,0.0,0.01,0.49,12.587,2025-05-31 23:28:06.081519,6,10
415,-78.6962755,35.7271231,0.046,-0.0007898317417129874,1.899633765220642,-0.0009952376130968332,0.01,0.02,-0.03,12.587,2025-05-31 23:28:07.082176,6,10
416,-78.6962754,35.7271231,0.023,-0.0007752273231744766,1.899579644203186,-0.0009689643047749996,0.01,0.01,0.01,12.587,2025-05-31 23:28:08.083916,6,10
